[{"alias":"coffee-project-ny-new-york","categories":[{"alias":"coffee","title":"Coffee & Tea"}],"coordinates_latitude":40.72699,"coordinates_longitude":-73.98922,"display_phone":"(212) 228-7888","distance":2435.8434261217,"id":"pimuUR-TEHIjUla3S3jemQ","image_url":"https:\/\/s3-media2.fl.yelpcdn.com\/bphoto\/2Wtg4i2JV0N0ZZnl33S3Cg\/o.jpg","is_closed":false,"location_address1":"239 E 5th St","location_address2":null,"location_address3":"","location_city":"New York","location_country":"US","location_display_address":["239 E 5th St","New York, NY 10003"],"location_state":"NY","location_zip_code":"10003","name":"Coffee Project NY","phone":"+12122287888","price":"$$","rating":4.5,"review_count":615,"transactions":[],"url":"https:\/\/www.yelp.com\/biz\/coffee-project-ny-new-york?adjust_creative=w1T_agSsZFkZALqEYIiCXQ&utm_campaign=yelp_api_v3&utm_medium=api_v3_business_search&utm_source=w1T_agSsZFkZALqEYIiCXQ"},{"alias":"lella-alimentari-brooklyn","categories":[{"alias":"coffee","title":"Coffee & Tea"},{"alias":"breakfast_brunch","title":"Breakfast & Brunch"},{"alias":"sandwiches","title":"Sandwiches"}],"coordinates_latitude":40.71516,"coordinates_longitude":-73.946451,"display_phone":"(718) 599-2625","distance":4171.8406595331,"id":"UpPXAjKc-CyuCg72chwd3A","image_url":"https:\/\/s3-media1.fl.yelpcdn.com\/bphoto\/nPa0-YoztfhyznfKVzfbeg\/o.jpg","is_closed":false,"location_address1":"325 Manhattan Ave","location_address2":"","location_address3":"","location_city":"Brooklyn","location_country":"US","location_display_address":["325 Manhattan Ave","Brooklyn, NY 11211"],"location_state":"NY","location_zip_code":"11211","name":"Lella Alimentari","phone":"+17185992625","price":"$","rating":5.0,"review_count":152,"transactions":[],"url":"https:\/\/www.yelp.com\/biz\/lella-alimentari-brooklyn?adjust_creative=w1T_agSsZFkZALqEYIiCXQ&utm_campaign=yelp_api_v3&utm_medium=api_v3_business_search&utm_source=w1T_agSsZFkZALqEYIiCXQ"},{"alias":"saltwater-coffee-new-york","categories":[{"alias":"coffee","title":"Coffee & Tea"}],"coordinates_latitude":40.7304578,"coordinates_longitude":-73.9839175,"display_phone":"(917) 881-2245","distance":2915.532076906,"id":"SZXOfQbLyF3C5GwYBj6VvA","image_url":"https:\/\/s3-media1.fl.yelpcdn.com\/bphoto\/cdBBTyVhiBft09uTwGStcw\/o.jpg","is_closed":false,"location_address1":"345 E 12th St","location_address2":null,"location_address3":"","location_city":"New York","location_country":"US","location_display_address":["345 E 12th St","New York, NY 10003"],"location_state":"NY","location_zip_code":"10003","name":"Saltwater Coffee","phone":"+19178812245","price":"$$","rating":5.0,"review_count":158,"transactions":[],"url":"https:\/\/www.yelp.com\/biz\/saltwater-coffee-new-york?adjust_creative=w1T_agSsZFkZALqEYIiCXQ&utm_campaign=yelp_api_v3&utm_medium=api_v3_business_search&utm_source=w1T_agSsZFkZALqEYIiCXQ"},{"alias":"urban-backyard-new-york","categories":[{"alias":"coffee","title":"Coffee & Tea"}],"coordinates_latitude":40.72077,"coordinates_longitude":-73.99646,"display_phone":"(646) 692-9957","distance":1716.0183423034,"id":"HUlbrPvAr6sXuBfp5z1MWA","image_url":"https:\/\/s3-media3.fl.yelpcdn.com\/bphoto\/Xh8__mjKHbtT9xs9RTzwxg\/o.jpg","is_closed":false,"location_address1":"180 Mulberry St","location_address2":null,"location_address3":"","location_city":"New York","location_country":"US","location_display_address":["180 Mulberry St","New York, NY 10012"],"location_state":"NY","location_zip_code":"10012","name":"Urban Backyard","phone":"+16466929957","price":"$$","rating":5.0,"review_count":54,"transactions":[],"url":"https:\/\/www.yelp.com\/biz\/urban-backyard-new-york?adjust_creative=w1T_agSsZFkZALqEYIiCXQ&utm_campaign=yelp_api_v3&utm_medium=api_v3_business_search&utm_source=w1T_agSsZFkZALqEYIiCXQ"},{"alias":"bird-and-branch-new-york","categories":[{"alias":"coffee","title":"Coffee & Tea"},{"alias":"desserts","title":"Desserts"}],"coordinates_latitude":40.7603099,"coordinates_longitude":-73.99087,"display_phone":"(917) 265-8444","distance":6107.0085323431,"id":"IkyRp47Jpbk_AQ35qlr-eg","image_url":"https:\/\/s3-media3.fl.yelpcdn.com\/bphoto\/icX4I6M0-slxfP43nknguw\/o.jpg","is_closed":false,"location_address1":"359 West 45th St","location_address2":null,"location_address3":"","location_city":"New York","location_country":"US","location_display_address":["359 West 45th St","New York, NY 10036"],"location_state":"NY","location_zip_code":"10036","name":"Bird & Branch","phone":"+19172658444","price":"$$","rating":5.0,"review_count":131,"transactions":[],"url":"https:\/\/www.yelp.com\/biz\/bird-and-branch-new-york?adjust_creative=w1T_agSsZFkZALqEYIiCXQ&utm_campaign=yelp_api_v3&utm_medium=api_v3_business_search&utm_source=w1T_agSsZFkZALqEYIiCXQ"},{"alias":"frisson-espresso-new-york","categories":[{"alias":"coffee","title":"Coffee & Tea"},{"alias":"cafes","title":"Cafes"}],"coordinates_latitude":40.7608108521,"coordinates_longitude":-73.9889984131,"display_phone":"(646) 850-3928","distance":6174.3373732836,"id":"HjGjGy3JhhRFcR7MaQLrjA","image_url":"https:\/\/s3-media4.fl.yelpcdn.com\/bphoto\/Nc04NmKAd_l3JsCinFymrA\/o.jpg","is_closed":false,"location_address1":"326 W 47th St","location_address2":null,"location_address3":"","location_city":"New York","location_country":"US","location_display_address":["326 W 47th St","New York, NY 10036"],"location_state":"NY","location_zip_code":"10036","name":"Frisson Espresso","phone":"+16468503928","price":"$","rating":4.5,"review_count":627,"transactions":["pickup","delivery"],"url":"https:\/\/www.yelp.com\/biz\/frisson-espresso-new-york?adjust_creative=w1T_agSsZFkZALqEYIiCXQ&utm_campaign=yelp_api_v3&utm_medium=api_v3_business_search&utm_source=w1T_agSsZFkZALqEYIiCXQ"},{"alias":"la-parisienne-new-york-5","categories":[{"alias":"cafes","title":"Cafes"},{"alias":"french","title":"French"},{"alias":"breakfast_brunch","title":"Breakfast & Brunch"}],"coordinates_latitude":40.70961,"coordinates_longitude":-74.0093799,"display_phone":"(646) 756-4911","distance":1350.108963069,"id":"xTnivXEdEtXrnhp-z4JGvg","image_url":"https:\/\/s3-media2.fl.yelpcdn.com\/bphoto\/8i6Hgi2iOA06CgDK8ED4pQ\/o.jpg","is_closed":false,"location_address1":"9 Maiden Ln","location_address2":null,"location_address3":"","location_city":"New York","location_country":"US","location_display_address":["9 Maiden Ln","New York, NY 10038"],"location_state":"NY","location_zip_code":"10038","name":"La Parisienne","phone":"+16467564911","price":"$$","rating":4.5,"review_count":244,"transactions":["pickup","delivery"],"url":"https:\/\/www.yelp.com\/biz\/la-parisienne-new-york-5?adjust_creative=w1T_agSsZFkZALqEYIiCXQ&utm_campaign=yelp_api_v3&utm_medium=api_v3_business_search&utm_source=w1T_agSsZFkZALqEYIiCXQ"},{"alias":"bibble-and-sip-new-york-2","categories":[{"alias":"coffee","title":"Coffee & Tea"},{"alias":"bakeries","title":"Bakeries"}],"coordinates_latitude":40.76282,"coordinates_longitude":-73.98518,"display_phone":"(646) 649-5116","distance":6427.9212521554,"id":"WHRHK3S1mQc3PmhwsGRvbw","image_url":"https:\/\/s3-media2.fl.yelpcdn.com\/bphoto\/b4_G7Dc2l1hpHlTjH48kuw\/o.jpg","is_closed":false,"location_address1":"253 W 51st St","location_address2":"","location_address3":"","location_city":"New York","location_country":"US","location_display_address":["253 W 51st St","New York, NY 10019"],"location_state":"NY","location_zip_code":"10019","name":"Bibble & Sip","phone":"+16466495116","price":"$","rating":4.5,"review_count":4135,"transactions":[],"url":"https:\/\/www.yelp.com\/biz\/bibble-and-sip-new-york-2?adjust_creative=w1T_agSsZFkZALqEYIiCXQ&utm_campaign=yelp_api_v3&utm_medium=api_v3_business_search&utm_source=w1T_agSsZFkZALqEYIiCXQ"},{"alias":"little-collins-new-york-3","categories":[{"alias":"coffee","title":"Coffee & Tea"},{"alias":"breakfast_brunch","title":"Breakfast & Brunch"},{"alias":"sandwiches","title":"Sandwiches"}],"coordinates_latitude":40.759912,"coordinates_longitude":-73.96964,"display_phone":"(212) 308-1969","distance":6402.7922098556,"id":"1aD88qNRb08LGBkl84GQTA","image_url":"https:\/\/s3-media2.fl.yelpcdn.com\/bphoto\/Y52xQoubzZS4Etd7LHPwIg\/o.jpg","is_closed":false,"location_address1":"667 Lexington Ave","location_address2":"","location_address3":null,"location_city":"New York","location_country":"US","location_display_address":["667 Lexington Ave","New York, NY 10022"],"location_state":"NY","location_zip_code":"10022","name":"Little Collins","phone":"+12123081969","price":"$$","rating":4.5,"review_count":715,"transactions":["pickup","delivery"],"url":"https:\/\/www.yelp.com\/biz\/little-collins-new-york-3?adjust_creative=w1T_agSsZFkZALqEYIiCXQ&utm_campaign=yelp_api_v3&utm_medium=api_v3_business_search&utm_source=w1T_agSsZFkZALqEYIiCXQ"},{"alias":"roots-cafe-brooklyn-3","categories":[{"alias":"coffee","title":"Coffee & Tea"},{"alias":"breakfast_brunch","title":"Breakfast & Brunch"},{"alias":"sandwiches","title":"Sandwiches"}],"coordinates_latitude":40.6628485,"coordinates_longitude":-73.9916831,"display_phone":"(929) 301-5535","distance":4741.604888418,"id":"nqXvLzqzQQTJ2eMPkAcojw","image_url":"https:\/\/s3-media1.fl.yelpcdn.com\/bphoto\/zZbJ-2Fu6snfH0waaILiRQ\/o.jpg","is_closed":false,"location_address1":"639 5th Ave","location_address2":"","location_address3":"","location_city":"Brooklyn","location_country":"US","location_display_address":["639 5th Ave","Brooklyn, NY 11215"],"location_state":"NY","location_zip_code":"11215","name":"Roots Cafe","phone":"+19293015535","price":"$","rating":4.5,"review_count":289,"transactions":[],"url":"https:\/\/www.yelp.com\/biz\/roots-cafe-brooklyn-3?adjust_creative=w1T_agSsZFkZALqEYIiCXQ&utm_campaign=yelp_api_v3&utm_medium=api_v3_business_search&utm_source=w1T_agSsZFkZALqEYIiCXQ"},{"alias":"burrow-brooklyn","categories":[{"alias":"desserts","title":"Desserts"},{"alias":"cakeshop","title":"Patisserie\/Cake Shop"},{"alias":"coffee","title":"Coffee & Tea"}],"coordinates_latitude":40.7027217,"coordinates_longitude":-73.9868878,"display_phone":"","distance":693.8065652395,"id":"nyxmTe-It-tzfagvjkge1g","image_url":"https:\/\/s3-media1.fl.yelpcdn.com\/bphoto\/oAg_RiYyeMnUO5bY_eIOQw\/o.jpg","is_closed":false,"location_address1":"68 Jay St","location_address2":"Ste 119","location_address3":"","location_city":"Brooklyn","location_country":"US","location_display_address":["68 Jay St","Ste 119","Brooklyn, NY 11201"],"location_state":"NY","location_zip_code":"11201","name":"Burrow","phone":"","price":"$","rating":4.5,"review_count":63,"transactions":[],"url":"https:\/\/www.yelp.com\/biz\/burrow-brooklyn?adjust_creative=w1T_agSsZFkZALqEYIiCXQ&utm_campaign=yelp_api_v3&utm_medium=api_v3_business_search&utm_source=w1T_agSsZFkZALqEYIiCXQ"},{"alias":"rex-new-york-2","categories":[{"alias":"coffee","title":"Coffee & Tea"},{"alias":"sandwiches","title":"Sandwiches"},{"alias":"bakeries","title":"Bakeries"}],"coordinates_latitude":40.7688770028,"coordinates_longitude":-73.9885788233,"display_phone":"(212) 757-0580","distance":7069.7371132947,"id":"lwfrB59lvpkCBw2FZD3X6w","image_url":"https:\/\/s3-media1.fl.yelpcdn.com\/bphoto\/kp1VxDIDtfZQ3ctl32IAfw\/o.jpg","is_closed":false,"location_address1":"864 10th Ave","location_address2":null,"location_address3":"","location_city":"New York","location_country":"US","location_display_address":["864 10th Ave","New York, NY 10019"],"location_state":"NY","location_zip_code":"10019","name":"Rex","phone":"+12127570580","price":"$","rating":4.5,"review_count":484,"transactions":[],"url":"https:\/\/www.yelp.com\/biz\/rex-new-york-2?adjust_creative=w1T_agSsZFkZALqEYIiCXQ&utm_campaign=yelp_api_v3&utm_medium=api_v3_business_search&utm_source=w1T_agSsZFkZALqEYIiCXQ"},{"alias":"cafe-patoro-new-york","categories":[{"alias":"bakeries","title":"Bakeries"},{"alias":"brazilian","title":"Brazilian"},{"alias":"coffee","title":"Coffee & Tea"}],"coordinates_latitude":40.7072720975,"coordinates_longitude":-74.0023160353,"display_phone":"(917) 262-0031","distance":706.1266596183,"id":"wWhZvkaFrntlSf1CWvD1Zw","image_url":"https:\/\/s3-media2.fl.yelpcdn.com\/bphoto\/Nnlsd9Wl7KFVVqZxtDRWpw\/o.jpg","is_closed":false,"location_address1":"223 Front St","location_address2":"","location_address3":"","location_city":"New York","location_country":"US","location_display_address":["223 Front St","New York, NY 10038"],"location_state":"NY","location_zip_code":"10038","name":"Cafe Patoro","phone":"+19172620031","price":"$","rating":4.5,"review_count":137,"transactions":["pickup","delivery"],"url":"https:\/\/www.yelp.com\/biz\/cafe-patoro-new-york?adjust_creative=w1T_agSsZFkZALqEYIiCXQ&utm_campaign=yelp_api_v3&utm_medium=api_v3_business_search&utm_source=w1T_agSsZFkZALqEYIiCXQ"},{"alias":"daily-provisions-new-york","categories":[{"alias":"cafes","title":"Cafes"},{"alias":"bakeries","title":"Bakeries"},{"alias":"sandwiches","title":"Sandwiches"}],"coordinates_latitude":40.73768,"coordinates_longitude":-73.9876685,"display_phone":"(212) 488-1505","distance":3624.1190065203,"id":"t4M1VX4n34eEgUWMJ7cgKw","image_url":"https:\/\/s3-media3.fl.yelpcdn.com\/bphoto\/eojExSsIJ48n7IV1QOAi3A\/o.jpg","is_closed":false,"location_address1":"103 E 19th St","location_address2":"","location_address3":null,"location_city":"New York","location_country":"US","location_display_address":["103 E 19th St","New York, NY 10003"],"location_state":"NY","location_zip_code":"10003","name":"Daily Provisions","phone":"+12124881505","price":"$$","rating":4.5,"review_count":298,"transactions":[],"url":"https:\/\/www.yelp.com\/biz\/daily-provisions-new-york?adjust_creative=w1T_agSsZFkZALqEYIiCXQ&utm_campaign=yelp_api_v3&utm_medium=api_v3_business_search&utm_source=w1T_agSsZFkZALqEYIiCXQ"},{"alias":"penny-house-cafe-brooklyn","categories":[{"alias":"coffee","title":"Coffee & Tea"},{"alias":"breakfast_brunch","title":"Breakfast & Brunch"},{"alias":"sandwiches","title":"Sandwiches"}],"coordinates_latitude":40.676044,"coordinates_longitude":-73.963713,"display_phone":"(347) 240-7281","distance":4163.579207137,"id":"ROFCA0HkLDA1KZWzAOnCxw","image_url":"https:\/\/s3-media2.fl.yelpcdn.com\/bphoto\/2ciINwjjiASgA2HDQcwm8g\/o.jpg","is_closed":false,"location_address1":"732 Washington Ave","location_address2":"","location_address3":"","location_city":"Brooklyn","location_country":"US","location_display_address":["732 Washington Ave","Brooklyn, NY 11238"],"location_state":"NY","location_zip_code":"11238","name":"Penny House Cafe","phone":"+13472407281","price":"$","rating":4.5,"review_count":215,"transactions":[],"url":"https:\/\/www.yelp.com\/biz\/penny-house-cafe-brooklyn?adjust_creative=w1T_agSsZFkZALqEYIiCXQ&utm_campaign=yelp_api_v3&utm_medium=api_v3_business_search&utm_source=w1T_agSsZFkZALqEYIiCXQ"},{"alias":"seven-grams-caffe-new-york-3","categories":[{"alias":"coffee","title":"Coffee & Tea"},{"alias":"bakeries","title":"Bakeries"}],"coordinates_latitude":40.7456063122,"coordinates_longitude":-73.9942775378,"display_phone":"(212) 727-1777","distance":4465.7444815221,"id":"HgfzssjwDEWtdcaxSJqfqg","image_url":"https:\/\/s3-media2.fl.yelpcdn.com\/bphoto\/QOKRbC4ppjsHXqGFSa0VmQ\/o.jpg","is_closed":false,"location_address1":"275 7th Ave","location_address2":null,"location_address3":"","location_city":"New York","location_country":"US","location_display_address":["275 7th Ave","New York, NY 10001"],"location_state":"NY","location_zip_code":"10001","name":"Seven Grams Caffe","phone":"+12127271777","price":"$","rating":4.5,"review_count":369,"transactions":["pickup","delivery"],"url":"https:\/\/www.yelp.com\/biz\/seven-grams-caffe-new-york-3?adjust_creative=w1T_agSsZFkZALqEYIiCXQ&utm_campaign=yelp_api_v3&utm_medium=api_v3_business_search&utm_source=w1T_agSsZFkZALqEYIiCXQ"},{"alias":"dweebs-brooklyn","categories":[{"alias":"cafes","title":"Cafes"}],"coordinates_latitude":40.7003712484,"coordinates_longitude":-73.9228504316,"display_phone":"(347) 413-5272","distance":6048.7727298531,"id":"pQkzgYnGnNzdCWriyGlfdg","image_url":"https:\/\/s3-media2.fl.yelpcdn.com\/bphoto\/lKJeQmtWxgZctFuU2v30Ow\/o.jpg","is_closed":false,"location_address1":"1434 Dekalb Ave","location_address2":null,"location_address3":"","location_city":"Brooklyn","location_country":"US","location_display_address":["1434 Dekalb Ave","Brooklyn, NY 11237"],"location_state":"NY","location_zip_code":"11237","name":"Dweebs","phone":"+13474135272","price":"$","rating":4.5,"review_count":72,"transactions":[],"url":"https:\/\/www.yelp.com\/biz\/dweebs-brooklyn?adjust_creative=w1T_agSsZFkZALqEYIiCXQ&utm_campaign=yelp_api_v3&utm_medium=api_v3_business_search&utm_source=w1T_agSsZFkZALqEYIiCXQ"},{"alias":"sey-coffee-brooklyn","categories":[{"alias":"coffeeroasteries","title":"Coffee Roasteries"},{"alias":"coffee","title":"Coffee & Tea"}],"coordinates_latitude":40.705318,"coordinates_longitude":-73.932418,"display_phone":"(347) 871-1611","distance":5215.7150237589,"id":"bmSYtYRPf6ycx-4xWhbHFg","image_url":"https:\/\/s3-media2.fl.yelpcdn.com\/bphoto\/u-ELVPkaYK8piYsQxUkosw\/o.jpg","is_closed":false,"location_address1":"18 Grattan St","location_address2":null,"location_address3":"","location_city":"Brooklyn","location_country":"US","location_display_address":["18 Grattan St","Brooklyn, NY 11206"],"location_state":"NY","location_zip_code":"11206","name":"Sey Coffee","phone":"+13478711611","price":"$","rating":4.5,"review_count":65,"transactions":[],"url":"https:\/\/www.yelp.com\/biz\/sey-coffee-brooklyn?adjust_creative=w1T_agSsZFkZALqEYIiCXQ&utm_campaign=yelp_api_v3&utm_medium=api_v3_business_search&utm_source=w1T_agSsZFkZALqEYIiCXQ"},{"alias":"bluestone-lane-new-york-10","categories":[{"alias":"coffee","title":"Coffee & Tea"},{"alias":"gluten_free","title":"Gluten-Free"},{"alias":"breakfast_brunch","title":"Breakfast & Brunch"}],"coordinates_latitude":40.7554239,"coordinates_longitude":-73.9705679,"display_phone":"(718) 374-6858","distance":5906.0452898522,"id":"NYU2iSBy2nwBmggb07FWXA","image_url":"https:\/\/s3-media2.fl.yelpcdn.com\/bphoto\/cx6rBga6732RSVEFCTuxVw\/o.jpg","is_closed":false,"location_address1":"805 3rd Ave","location_address2":"","location_address3":"","location_city":"New York","location_country":"US","location_display_address":["805 3rd Ave","New York, NY 10022"],"location_state":"NY","location_zip_code":"10022","name":"Bluestone Lane","phone":"+17183746858","price":"$","rating":4.5,"review_count":237,"transactions":[],"url":"https:\/\/www.yelp.com\/biz\/bluestone-lane-new-york-10?adjust_creative=w1T_agSsZFkZALqEYIiCXQ&utm_campaign=yelp_api_v3&utm_medium=api_v3_business_search&utm_source=w1T_agSsZFkZALqEYIiCXQ"},{"alias":"kaigo-coffee-room-new-york-4","categories":[{"alias":"coffee","title":"Coffee & Tea"}],"coordinates_latitude":40.7187029822,"coordinates_longitude":-74.0004725371,"display_phone":"(646) 504-5353","distance":1563.5297646007,"id":"u0bYCPlbJ85_lDjnZQ_e3w","image_url":"https:\/\/s3-media4.fl.yelpcdn.com\/bphoto\/b6xzD6icNoM9SJ9PnYILeQ\/o.jpg","is_closed":false,"location_address1":"120C Lafayette St","location_address2":"","location_address3":null,"location_city":"New York","location_country":"US","location_display_address":["120C Lafayette St","New York, NY 10013"],"location_state":"NY","location_zip_code":"10013","name":"Kaigo Coffee Room","phone":"+16465045353","price":"$$","rating":4.5,"review_count":118,"transactions":[],"url":"https:\/\/www.yelp.com\/biz\/kaigo-coffee-room-new-york-4?adjust_creative=w1T_agSsZFkZALqEYIiCXQ&utm_campaign=yelp_api_v3&utm_medium=api_v3_business_search&utm_source=w1T_agSsZFkZALqEYIiCXQ"},{"alias":"la-colombe-coffee-new-york-2","categories":[{"alias":"coffee","title":"Coffee & Tea"}],"coordinates_latitude":40.72396,"coordinates_longitude":-73.99643,"display_phone":"(212) 625-1717","distance":2069.5745999716,"id":"-8nEZ20KDfr4PPH47MrAOA","image_url":"https:\/\/s3-media4.fl.yelpcdn.com\/bphoto\/6j27l5rIkTs8KOZOtc9t_Q\/o.jpg","is_closed":false,"location_address1":"270 Lafayette St","location_address2":"","location_address3":"","location_city":"New York","location_country":"US","location_display_address":["270 Lafayette St","New York, NY 10012"],"location_state":"NY","location_zip_code":"10012","name":"La Colombe Coffee","phone":"+12126251717","price":"$$","rating":4.5,"review_count":638,"transactions":[],"url":"https:\/\/www.yelp.com\/biz\/la-colombe-coffee-new-york-2?adjust_creative=w1T_agSsZFkZALqEYIiCXQ&utm_campaign=yelp_api_v3&utm_medium=api_v3_business_search&utm_source=w1T_agSsZFkZALqEYIiCXQ"},{"alias":"round-k-new-york","categories":[{"alias":"coffee","title":"Coffee & Tea"},{"alias":"breakfast_brunch","title":"Breakfast & Brunch"},{"alias":"bagels","title":"Bagels"}],"coordinates_latitude":40.718906,"coordinates_longitude":-73.990966,"display_phone":"(917) 475-1423","distance":1523.9167334386,"id":"kuKSvCZDFrgOrY-dcrOefg","image_url":"https:\/\/s3-media1.fl.yelpcdn.com\/bphoto\/S5rlrXJpAGtwSJS8xcJ0XA\/o.jpg","is_closed":false,"location_address1":"99 Allen St","location_address2":null,"location_address3":"","location_city":"New York","location_country":"US","location_display_address":["99 Allen St","New York, NY 10002"],"location_state":"NY","location_zip_code":"10002","name":"Round K","phone":"+19174751423","price":"$","rating":4.5,"review_count":329,"transactions":["pickup","delivery"],"url":"https:\/\/www.yelp.com\/biz\/round-k-new-york?adjust_creative=w1T_agSsZFkZALqEYIiCXQ&utm_campaign=yelp_api_v3&utm_medium=api_v3_business_search&utm_source=w1T_agSsZFkZALqEYIiCXQ"},{"alias":"stumptown-coffee-roasters-new-york-2","categories":[{"alias":"coffee","title":"Coffee & Tea"},{"alias":"coffeeroasteries","title":"Coffee Roasteries"}],"coordinates_latitude":40.7328193931,"coordinates_longitude":-73.9979619991,"display_phone":"(347) 414-7802","distance":3059.5684961992,"id":"IKB1DhFCLFY98mTt_l6u2A","image_url":"https:\/\/s3-media1.fl.yelpcdn.com\/bphoto\/e_YMkoH2YqdLrtMAOZkZ0w\/o.jpg","is_closed":false,"location_address1":"30 W 8th St","location_address2":"","location_address3":"","location_city":"New York","location_country":"US","location_display_address":["30 W 8th St","New York, NY 10011"],"location_state":"NY","location_zip_code":"10011","name":"Stumptown Coffee Roasters","phone":"+13474147802","price":"$$","rating":4.5,"review_count":394,"transactions":[],"url":"https:\/\/www.yelp.com\/biz\/stumptown-coffee-roasters-new-york-2?adjust_creative=w1T_agSsZFkZALqEYIiCXQ&utm_campaign=yelp_api_v3&utm_medium=api_v3_business_search&utm_source=w1T_agSsZFkZALqEYIiCXQ"},{"alias":"perk-kafe-new-york","categories":[{"alias":"coffee","title":"Coffee & Tea"},{"alias":"bakeries","title":"Bakeries"}],"coordinates_latitude":40.7477647359,"coordinates_longitude":-73.9770407671,"display_phone":"(212) 686-7375","distance":4925.2051311799,"id":"xHBpwGzxxbC3vTahHWdABg","image_url":"https:\/\/s3-media3.fl.yelpcdn.com\/bphoto\/GN_GrTR4Gm9JyqKIZOHZEw\/o.jpg","is_closed":false,"location_address1":"162 E 37th St","location_address2":"","location_address3":"","location_city":"New York","location_country":"US","location_display_address":["162 E 37th St","New York, NY 10016"],"location_state":"NY","location_zip_code":"10016","name":"Perk Kafe","phone":"+12126867375","price":"$","rating":4.5,"review_count":359,"transactions":[],"url":"https:\/\/www.yelp.com\/biz\/perk-kafe-new-york?adjust_creative=w1T_agSsZFkZALqEYIiCXQ&utm_campaign=yelp_api_v3&utm_medium=api_v3_business_search&utm_source=w1T_agSsZFkZALqEYIiCXQ"},{"alias":"12-corners-new-york-4","categories":[{"alias":"coffee","title":"Coffee & Tea"}],"coordinates_latitude":40.7180405,"coordinates_longitude":-73.9972076,"display_phone":"(212) 625-8888","distance":1419.7954306996,"id":"Rs196agFk9VEW2mHrOwpvw","image_url":"https:\/\/s3-media3.fl.yelpcdn.com\/bphoto\/yEkNTNvbElGSUKV62a-dlQ\/o.jpg","is_closed":false,"location_address1":"121 Mott St","location_address2":"","location_address3":"","location_city":"New York","location_country":"US","location_display_address":["121 Mott St","New York, NY 10013"],"location_state":"NY","location_zip_code":"10013","name":"12 Corners","phone":"+12126258888","price":"$","rating":4.5,"review_count":147,"transactions":[],"url":"https:\/\/www.yelp.com\/biz\/12-corners-new-york-4?adjust_creative=w1T_agSsZFkZALqEYIiCXQ&utm_campaign=yelp_api_v3&utm_medium=api_v3_business_search&utm_source=w1T_agSsZFkZALqEYIiCXQ"},{"alias":"koneko-new-york-3","categories":[{"alias":"cafes","title":"Cafes"},{"alias":"breakfast_brunch","title":"Breakfast & Brunch"},{"alias":"desserts","title":"Desserts"}],"coordinates_latitude":40.72044,"coordinates_longitude":-73.98412,"display_phone":"(646) 370-5699","distance":1874.6275271483,"id":"zi_TJRxi0WzADbbI6Jcz3A","image_url":"https:\/\/s3-media3.fl.yelpcdn.com\/bphoto\/hvPOjM4UlB64ObY4CsEn9w\/o.jpg","is_closed":false,"location_address1":"26 Clinton St","location_address2":"","location_address3":"","location_city":"New York","location_country":"US","location_display_address":["26 Clinton St","New York, NY 10002"],"location_state":"NY","location_zip_code":"10002","name":"Koneko","phone":"+16463705699","price":"$$","rating":4.5,"review_count":238,"transactions":[],"url":"https:\/\/www.yelp.com\/biz\/koneko-new-york-3?adjust_creative=w1T_agSsZFkZALqEYIiCXQ&utm_campaign=yelp_api_v3&utm_medium=api_v3_business_search&utm_source=w1T_agSsZFkZALqEYIiCXQ"},{"alias":"felix-roasting-co-new-york-3","categories":[{"alias":"coffee","title":"Coffee & Tea"}],"coordinates_latitude":40.74497,"coordinates_longitude":-73.98312,"display_phone":"","distance":4493.9519130999,"id":"m4xMS2SyPJjUJJqPwv2Jig","image_url":"https:\/\/s3-media3.fl.yelpcdn.com\/bphoto\/gwmY7ETm1nh25wUzvaXrfw\/o.jpg","is_closed":false,"location_address1":"450 Park Ave S","location_address2":"","location_address3":null,"location_city":"New York","location_country":"US","location_display_address":["450 Park Ave S","New York, NY 10016"],"location_state":"NY","location_zip_code":"10016","name":"Felix Roasting Co","phone":"","price":null,"rating":4.5,"review_count":64,"transactions":[],"url":"https:\/\/www.yelp.com\/biz\/felix-roasting-co-new-york-3?adjust_creative=w1T_agSsZFkZALqEYIiCXQ&utm_campaign=yelp_api_v3&utm_medium=api_v3_business_search&utm_source=w1T_agSsZFkZALqEYIiCXQ"},{"alias":"urban-vintage-brooklyn","categories":[{"alias":"coffee","title":"Coffee & Tea"}],"coordinates_latitude":40.6879410742,"coordinates_longitude":-73.9628667683,"display_phone":"(718) 783-6045","distance":3287.4793563827,"id":"COV3XLEiAiK76Yg2HbFjWA","image_url":"https:\/\/s3-media3.fl.yelpcdn.com\/bphoto\/2Sh17ddEaPyokvfWCIHBDA\/o.jpg","is_closed":false,"location_address1":"294 Grand Ave","location_address2":"","location_address3":"","location_city":"Brooklyn","location_country":"US","location_display_address":["294 Grand Ave","Brooklyn, NY 11238"],"location_state":"NY","location_zip_code":"11238","name":"Urban Vintage","phone":"+17187836045","price":"$$","rating":4.5,"review_count":264,"transactions":["pickup","delivery"],"url":"https:\/\/www.yelp.com\/biz\/urban-vintage-brooklyn?adjust_creative=w1T_agSsZFkZALqEYIiCXQ&utm_campaign=yelp_api_v3&utm_medium=api_v3_business_search&utm_source=w1T_agSsZFkZALqEYIiCXQ"},{"alias":"bkg-coffee-roasters-brooklyn-2","categories":[{"alias":"coffee","title":"Coffee & Tea"}],"coordinates_latitude":40.69404,"coordinates_longitude":-73.96193,"display_phone":"","distance":3009.1887231282,"id":"vrcfSmyE8orhd0yHSrqvgQ","image_url":"https:\/\/s3-media3.fl.yelpcdn.com\/bphoto\/viIc9PJn3Gh89uxZfZUjeg\/o.jpg","is_closed":false,"location_address1":"557 Myrtle Ave","location_address2":null,"location_address3":"","location_city":"Brooklyn","location_country":"US","location_display_address":["557 Myrtle Ave","Brooklyn, NY 11205"],"location_state":"NY","location_zip_code":"11205","name":"BKG Coffee Roasters","phone":"","price":"$$","rating":4.5,"review_count":67,"transactions":[],"url":"https:\/\/www.yelp.com\/biz\/bkg-coffee-roasters-brooklyn-2?adjust_creative=w1T_agSsZFkZALqEYIiCXQ&utm_campaign=yelp_api_v3&utm_medium=api_v3_business_search&utm_source=w1T_agSsZFkZALqEYIiCXQ"},{"alias":"yanni-s-coffee-new-york","categories":[{"alias":"cafes","title":"Cafes"},{"alias":"coffee","title":"Coffee & Tea"}],"coordinates_latitude":40.7397792,"coordinates_longitude":-73.9989726,"display_phone":"(646) 833-7333","distance":3839.7369459902,"id":"J4UF6byGVD4cf5R1hyMIxw","image_url":"https:\/\/s3-media4.fl.yelpcdn.com\/bphoto\/XUp5IrXBI2DfcLEo5wKiHQ\/o.jpg","is_closed":false,"location_address1":"96 7th Ave","location_address2":"","location_address3":null,"location_city":"New York","location_country":"US","location_display_address":["96 7th Ave","New York, NY 10011"],"location_state":"NY","location_zip_code":"10011","name":"Yanni\u2019s Coffee","phone":"+16468337333","price":null,"rating":5.0,"review_count":24,"transactions":[],"url":"https:\/\/www.yelp.com\/biz\/yanni-s-coffee-new-york?adjust_creative=w1T_agSsZFkZALqEYIiCXQ&utm_campaign=yelp_api_v3&utm_medium=api_v3_business_search&utm_source=w1T_agSsZFkZALqEYIiCXQ"},{"alias":"butler-brooklyn","categories":[{"alias":"bakeries","title":"Bakeries"},{"alias":"cafes","title":"Cafes"},{"alias":"breakfast_brunch","title":"Breakfast & Brunch"}],"coordinates_latitude":40.7117670178,"coordinates_longitude":-73.9646924964,"display_phone":"","distance":2592.1803299897,"id":"SWRz34fmNEDPcrngJMMo7Q","image_url":"https:\/\/s3-media1.fl.yelpcdn.com\/bphoto\/HY-B75KAjTZdEbH1oshy4Q\/o.jpg","is_closed":false,"location_address1":"95 S 5th St","location_address2":null,"location_address3":null,"location_city":"Brooklyn","location_country":"US","location_display_address":["95 S 5th St","Brooklyn, NY 11249"],"location_state":"NY","location_zip_code":"11249","name":"Butler ","phone":"","price":"$$","rating":4.5,"review_count":85,"transactions":[],"url":"https:\/\/www.yelp.com\/biz\/butler-brooklyn?adjust_creative=w1T_agSsZFkZALqEYIiCXQ&utm_campaign=yelp_api_v3&utm_medium=api_v3_business_search&utm_source=w1T_agSsZFkZALqEYIiCXQ"},{"alias":"third-rail-coffee-new-york","categories":[{"alias":"coffee","title":"Coffee & Tea"}],"coordinates_latitude":40.72994,"coordinates_longitude":-73.99959,"display_phone":"","distance":2765.2849385347,"id":"rd0VGG_d_qNp_aBW_HJM4w","image_url":"https:\/\/s3-media3.fl.yelpcdn.com\/bphoto\/gqAmnRMyn18zqbEcuTb1PA\/o.jpg","is_closed":false,"location_address1":"240 Sullivan St","location_address2":"","location_address3":"","location_city":"New York","location_country":"US","location_display_address":["240 Sullivan St","New York, NY 10012"],"location_state":"NY","location_zip_code":"10012","name":"Third Rail Coffee","phone":"","price":"$","rating":4.0,"review_count":451,"transactions":[],"url":"https:\/\/www.yelp.com\/biz\/third-rail-coffee-new-york?adjust_creative=w1T_agSsZFkZALqEYIiCXQ&utm_campaign=yelp_api_v3&utm_medium=api_v3_business_search&utm_source=w1T_agSsZFkZALqEYIiCXQ"},{"alias":"absolute-coffee-brooklyn","categories":[{"alias":"coffee","title":"Coffee & Tea"},{"alias":"bakeries","title":"Bakeries"}],"coordinates_latitude":40.68827,"coordinates_longitude":-73.987569,"display_phone":"(718) 522-0969","distance":1995.2838490428,"id":"Qmv4SPta2zx7MhKit8ywag","image_url":"https:\/\/s3-media2.fl.yelpcdn.com\/bphoto\/7-FjJHmxoT8JXS5lvyO13w\/o.jpg","is_closed":false,"location_address1":"327 Atlantic Ave","location_address2":null,"location_address3":"","location_city":"Brooklyn","location_country":"US","location_display_address":["327 Atlantic Ave","Brooklyn, NY 11201"],"location_state":"NY","location_zip_code":"11201","name":"Absolute Coffee","phone":"+17185220969","price":"$$","rating":4.5,"review_count":151,"transactions":[],"url":"https:\/\/www.yelp.com\/biz\/absolute-coffee-brooklyn?adjust_creative=w1T_agSsZFkZALqEYIiCXQ&utm_campaign=yelp_api_v3&utm_medium=api_v3_business_search&utm_source=w1T_agSsZFkZALqEYIiCXQ"},{"alias":"brooklyn-roasting-company-brooklyn-2","categories":[{"alias":"coffee","title":"Coffee & Tea"}],"coordinates_latitude":40.704228,"coordinates_longitude":-73.986241,"display_phone":"(718) 855-1000","distance":700.3281237079,"id":"pzqb1u_GeU-vkrk_KdFieQ","image_url":"https:\/\/s3-media1.fl.yelpcdn.com\/bphoto\/-B_RsB5Vm0T92Ia8SctWxg\/o.jpg","is_closed":false,"location_address1":"25 Jay St","location_address2":"","location_address3":"","location_city":"Brooklyn","location_country":"US","location_display_address":["25 Jay St","Brooklyn, NY 11201"],"location_state":"NY","location_zip_code":"11201","name":"Brooklyn Roasting Company","phone":"+17188551000","price":"$$","rating":4.0,"review_count":474,"transactions":[],"url":"https:\/\/www.yelp.com\/biz\/brooklyn-roasting-company-brooklyn-2?adjust_creative=w1T_agSsZFkZALqEYIiCXQ&utm_campaign=yelp_api_v3&utm_medium=api_v3_business_search&utm_source=w1T_agSsZFkZALqEYIiCXQ"},{"alias":"the-uncommons-new-york","categories":[{"alias":"coffee","title":"Coffee & Tea"},{"alias":"tabletopgames","title":"Tabletop Games"}],"coordinates_latitude":40.72933,"coordinates_longitude":-73.99865,"display_phone":"(646) 543-9215","distance":2683.8269354371,"id":"h6qbszNgXgjj9Lrb62m-9w","image_url":"https:\/\/s3-media3.fl.yelpcdn.com\/bphoto\/QuWvwhmyv1M12gM1fXDKRw\/o.jpg","is_closed":false,"location_address1":"230 Thompson St","location_address2":null,"location_address3":"","location_city":"New York","location_country":"US","location_display_address":["230 Thompson St","New York, NY 10012"],"location_state":"NY","location_zip_code":"10012","name":"The Uncommons","phone":"+16465439215","price":"$","rating":4.0,"review_count":325,"transactions":[],"url":"https:\/\/www.yelp.com\/biz\/the-uncommons-new-york?adjust_creative=w1T_agSsZFkZALqEYIiCXQ&utm_campaign=yelp_api_v3&utm_medium=api_v3_business_search&utm_source=w1T_agSsZFkZALqEYIiCXQ"},{"alias":"blank-cafe-and-bistro-brooklyn-3","categories":[{"alias":"cafes","title":"Cafes"},{"alias":"breakfast_brunch","title":"Breakfast & Brunch"},{"alias":"sandwiches","title":"Sandwiches"}],"coordinates_latitude":40.7107804265,"coordinates_longitude":-73.9678972634,"display_phone":"","distance":2302.6664718643,"id":"hY5TTqnKJT8w9Dhm6ZYi3A","image_url":"https:\/\/s3-media4.fl.yelpcdn.com\/bphoto\/UWRWO7-IVKt-j5hh3CQ3AQ\/o.jpg","is_closed":false,"location_address1":"25 Broadway","location_address2":"","location_address3":"","location_city":"Brooklyn","location_country":"US","location_display_address":["25 Broadway","Brooklyn, NY 11249"],"location_state":"NY","location_zip_code":"11249","name":"Blank Cafe & Bistro","phone":"","price":"$","rating":4.5,"review_count":97,"transactions":[],"url":"https:\/\/www.yelp.com\/biz\/blank-cafe-and-bistro-brooklyn-3?adjust_creative=w1T_agSsZFkZALqEYIiCXQ&utm_campaign=yelp_api_v3&utm_medium=api_v3_business_search&utm_source=w1T_agSsZFkZALqEYIiCXQ"},{"alias":"cafe-hanamizuki-new-york","categories":[{"alias":"cafes","title":"Cafes"}],"coordinates_latitude":40.7474471,"coordinates_longitude":-73.9915989,"display_phone":"(212) 695-5533","distance":4675.945620348,"id":"S-619sO8qSxQcis0DBHvNw","image_url":"https:\/\/s3-media2.fl.yelpcdn.com\/bphoto\/LpaAg0q1QA3o-Il6VQAeHQ\/o.jpg","is_closed":false,"location_address1":"143 W 29th St","location_address2":"","location_address3":"","location_city":"New York","location_country":"US","location_display_address":["143 W 29th St","New York, NY 10001"],"location_state":"NY","location_zip_code":"10001","name":"Cafe Hanamizuki","phone":"+12126955533","price":"$$","rating":4.0,"review_count":465,"transactions":[],"url":"https:\/\/www.yelp.com\/biz\/cafe-hanamizuki-new-york?adjust_creative=w1T_agSsZFkZALqEYIiCXQ&utm_campaign=yelp_api_v3&utm_medium=api_v3_business_search&utm_source=w1T_agSsZFkZALqEYIiCXQ"},{"alias":"northerly-brooklyn-3","categories":[{"alias":"coffee","title":"Coffee & Tea"},{"alias":"breakfast_brunch","title":"Breakfast & Brunch"},{"alias":"sandwiches","title":"Sandwiches"}],"coordinates_latitude":40.71065,"coordinates_longitude":-73.95801,"display_phone":"(718) 388-1101","distance":3117.364455015,"id":"qmug--sWLL23vwMFfuEmqQ","image_url":"https:\/\/s3-media1.fl.yelpcdn.com\/bphoto\/qXlebqJKV5OjXuNWvxAzkA\/o.jpg","is_closed":false,"location_address1":"181 Havemeyer St","location_address2":null,"location_address3":"","location_city":"Brooklyn","location_country":"US","location_display_address":["181 Havemeyer St","Brooklyn, NY 11211"],"location_state":"NY","location_zip_code":"11211","name":"Northerly","phone":"+17183881101","price":"$","rating":4.5,"review_count":54,"transactions":[],"url":"https:\/\/www.yelp.com\/biz\/northerly-brooklyn-3?adjust_creative=w1T_agSsZFkZALqEYIiCXQ&utm_campaign=yelp_api_v3&utm_medium=api_v3_business_search&utm_source=w1T_agSsZFkZALqEYIiCXQ"},{"alias":"two-for-the-pot-brooklyn","categories":[{"alias":"coffee","title":"Coffee & Tea"},{"alias":"herbsandspices","title":"Herbs & Spices"}],"coordinates_latitude":40.69067,"coordinates_longitude":-73.994461,"display_phone":"(718) 855-8173","distance":1660.247085882,"id":"lUZbIxWf_eylfXcJcjdCBg","image_url":"https:\/\/s3-media1.fl.yelpcdn.com\/bphoto\/GWKY0OL2MLexGlNYwCWDlA\/o.jpg","is_closed":false,"location_address1":"200 Clinton St","location_address2":"","location_address3":"","location_city":"Brooklyn","location_country":"US","location_display_address":["200 Clinton St","Brooklyn, NY 11201"],"location_state":"NY","location_zip_code":"11201","name":"Two For the Pot","phone":"+17188558173","price":"$$","rating":4.5,"review_count":33,"transactions":[],"url":"https:\/\/www.yelp.com\/biz\/two-for-the-pot-brooklyn?adjust_creative=w1T_agSsZFkZALqEYIiCXQ&utm_campaign=yelp_api_v3&utm_medium=api_v3_business_search&utm_source=w1T_agSsZFkZALqEYIiCXQ"},{"alias":"happy-bones-nyc-new-york","categories":[{"alias":"coffee","title":"Coffee & Tea"}],"coordinates_latitude":40.720726,"coordinates_longitude":-73.9970474,"display_phone":"(212) 673-3754","distance":1718.7564341156,"id":"jDLKMWhHACb5w1DDtnW9ag","image_url":"https:\/\/s3-media1.fl.yelpcdn.com\/bphoto\/elDezPe_3XLHkJontILRYQ\/o.jpg","is_closed":false,"location_address1":"394 Broome St","location_address2":"","location_address3":"","location_city":"New York","location_country":"US","location_display_address":["394 Broome St","New York, NY 10013"],"location_state":"NY","location_zip_code":"10013","name":"Happy Bones NYC","phone":"+12126733754","price":"$$","rating":4.0,"review_count":266,"transactions":[],"url":"https:\/\/www.yelp.com\/biz\/happy-bones-nyc-new-york?adjust_creative=w1T_agSsZFkZALqEYIiCXQ&utm_campaign=yelp_api_v3&utm_medium=api_v3_business_search&utm_source=w1T_agSsZFkZALqEYIiCXQ"},{"alias":"grounded-new-york","categories":[{"alias":"coffee","title":"Coffee & Tea"},{"alias":"sandwiches","title":"Sandwiches"}],"coordinates_latitude":40.73806,"coordinates_longitude":-74.0034,"display_phone":"(212) 647-0943","distance":3702.2077522411,"id":"ZnJZ8F17rLIZ3JbJQ2admw","image_url":"https:\/\/s3-media4.fl.yelpcdn.com\/bphoto\/de6HOIlSF2E8oda3kHjgIg\/o.jpg","is_closed":false,"location_address1":"28 Jane St","location_address2":"","location_address3":"","location_city":"New York","location_country":"US","location_display_address":["28 Jane St","New York, NY 10014"],"location_state":"NY","location_zip_code":"10014","name":"Grounded","phone":"+12126470943","price":"$","rating":4.0,"review_count":698,"transactions":["delivery"],"url":"https:\/\/www.yelp.com\/biz\/grounded-new-york?adjust_creative=w1T_agSsZFkZALqEYIiCXQ&utm_campaign=yelp_api_v3&utm_medium=api_v3_business_search&utm_source=w1T_agSsZFkZALqEYIiCXQ"},{"alias":"cafe-madeline-brooklyn","categories":[{"alias":"breakfast_brunch","title":"Breakfast & Brunch"},{"alias":"cafes","title":"Cafes"}],"coordinates_latitude":40.6419312,"coordinates_longitude":-73.9633539,"display_phone":"(218) 941-4020","distance":7528.9731458817,"id":"bZc7uxqmmYLxLb14gfCOuw","image_url":"https:\/\/s3-media2.fl.yelpcdn.com\/bphoto\/lVF-hK8V2fIkCcbW1lBjXw\/o.jpg","is_closed":false,"location_address1":"1603 Cortelyou Rd","location_address2":"","location_address3":"","location_city":"Brooklyn","location_country":"US","location_display_address":["1603 Cortelyou Rd","Brooklyn, NY 11226"],"location_state":"NY","location_zip_code":"11226","name":"Cafe Madeline","phone":"+12189414020","price":"$$","rating":4.0,"review_count":456,"transactions":[],"url":"https:\/\/www.yelp.com\/biz\/cafe-madeline-brooklyn?adjust_creative=w1T_agSsZFkZALqEYIiCXQ&utm_campaign=yelp_api_v3&utm_medium=api_v3_business_search&utm_source=w1T_agSsZFkZALqEYIiCXQ"},{"alias":"black-cat-les-new-york-2","categories":[{"alias":"coffee","title":"Coffee & Tea"},{"alias":"breakfast_brunch","title":"Breakfast & Brunch"},{"alias":"sandwiches","title":"Sandwiches"}],"coordinates_latitude":40.719129,"coordinates_longitude":-73.984509,"display_phone":"(646) 918-7711","distance":1730.7079021348,"id":"prQUP_jDq72ll8jf__TK_w","image_url":"https:\/\/s3-media4.fl.yelpcdn.com\/bphoto\/Qs8YxUpFUjiOeX5Lvfuf2Q\/o.jpg","is_closed":false,"location_address1":"172 Rivington St","location_address2":"","location_address3":"","location_city":"New York","location_country":"US","location_display_address":["172 Rivington St","New York, NY 10002"],"location_state":"NY","location_zip_code":"10002","name":"Black Cat LES","phone":"+16469187711","price":"$","rating":4.0,"review_count":258,"transactions":["pickup","delivery"],"url":"https:\/\/www.yelp.com\/biz\/black-cat-les-new-york-2?adjust_creative=w1T_agSsZFkZALqEYIiCXQ&utm_campaign=yelp_api_v3&utm_medium=api_v3_business_search&utm_source=w1T_agSsZFkZALqEYIiCXQ"},{"alias":"mud-new-york-3","categories":[{"alias":"coffee","title":"Coffee & Tea"},{"alias":"breakfast_brunch","title":"Breakfast & Brunch"},{"alias":"beerbar","title":"Beer Bar"}],"coordinates_latitude":40.72905,"coordinates_longitude":-73.98668,"display_phone":"(212) 228-9074","distance":2705.4580849244,"id":"S-WdvEU1X7J33whXWk1zmw","image_url":"https:\/\/s3-media4.fl.yelpcdn.com\/bphoto\/Btc3X8a2cR-nfD3HV5JIzA\/o.jpg","is_closed":false,"location_address1":"307 E 9th St","location_address2":"","location_address3":"","location_city":"New York","location_country":"US","location_display_address":["307 E 9th St","New York, NY 10003"],"location_state":"NY","location_zip_code":"10003","name":"MUD","phone":"+12122289074","price":"$$","rating":4.0,"review_count":1083,"transactions":[],"url":"https:\/\/www.yelp.com\/biz\/mud-new-york-3?adjust_creative=w1T_agSsZFkZALqEYIiCXQ&utm_campaign=yelp_api_v3&utm_medium=api_v3_business_search&utm_source=w1T_agSsZFkZALqEYIiCXQ"},{"alias":"dot-and-line-brooklyn-4","categories":[{"alias":"coffee","title":"Coffee & Tea"},{"alias":"cafes","title":"Cafes"}],"coordinates_latitude":40.68416,"coordinates_longitude":-73.98357,"display_phone":"(929) 433-6111","distance":2532.5554081981,"id":"5ChP6-1d_LC6-7e6ZQw2Lw","image_url":"https:\/\/s3-media4.fl.yelpcdn.com\/bphoto\/jzPtSddzzbe74oTWTnZsYA\/o.jpg","is_closed":false,"location_address1":"253 Bergen St","location_address2":null,"location_address3":"","location_city":"Brooklyn","location_country":"US","location_display_address":["253 Bergen St","Brooklyn, NY 11217"],"location_state":"NY","location_zip_code":"11217","name":"dot & line","phone":"+19294336111","price":"$","rating":4.5,"review_count":43,"transactions":[],"url":"https:\/\/www.yelp.com\/biz\/dot-and-line-brooklyn-4?adjust_creative=w1T_agSsZFkZALqEYIiCXQ&utm_campaign=yelp_api_v3&utm_medium=api_v3_business_search&utm_source=w1T_agSsZFkZALqEYIiCXQ"},{"alias":"l\u0113na-coffee-bar-new-york","categories":[{"alias":"coffee","title":"Coffee & Tea"},{"alias":"sandwiches","title":"Sandwiches"}],"coordinates_latitude":40.732439,"coordinates_longitude":-73.996744,"display_phone":"(212) 979-2315","distance":3008.7054678136,"id":"IJmnnNx5RlvcckyTt3yjLQ","image_url":"https:\/\/s3-media3.fl.yelpcdn.com\/bphoto\/PmISwEekEXmeY58Ry0_6FQ\/o.jpg","is_closed":false,"location_address1":"1 W 8th St","location_address2":"Ste B","location_address3":"","location_city":"New York","location_country":"US","location_display_address":["1 W 8th St","Ste B","New York, NY 10011"],"location_state":"NY","location_zip_code":"10011","name":"L\u0112NA Coffee Bar","phone":"+12129792315","price":"$","rating":4.5,"review_count":95,"transactions":["pickup","delivery"],"url":"https:\/\/www.yelp.com\/biz\/l%C4%93na-coffee-bar-new-york?adjust_creative=w1T_agSsZFkZALqEYIiCXQ&utm_campaign=yelp_api_v3&utm_medium=api_v3_business_search&utm_source=w1T_agSsZFkZALqEYIiCXQ"},{"alias":"optimistic-cafe-new-york","categories":[{"alias":"coffee","title":"Coffee & Tea"}],"coordinates_latitude":40.7550302987,"coordinates_longitude":-73.9906900004,"display_phone":"(646) 998-3970","distance":5521.9957406809,"id":"S1A-3f6i2Y5R6BBBnKDfwQ","image_url":"https:\/\/s3-media2.fl.yelpcdn.com\/bphoto\/18RFEu6dwGon8S6zcLreaA\/o.jpg","is_closed":false,"location_address1":"260 W 39th St","location_address2":"","location_address3":null,"location_city":"New York","location_country":"US","location_display_address":["260 W 39th St","New York, NY 10018"],"location_state":"NY","location_zip_code":"10018","name":"Optimistic Cafe","phone":"+16469983970","price":"$","rating":4.5,"review_count":33,"transactions":[],"url":"https:\/\/www.yelp.com\/biz\/optimistic-cafe-new-york?adjust_creative=w1T_agSsZFkZALqEYIiCXQ&utm_campaign=yelp_api_v3&utm_medium=api_v3_business_search&utm_source=w1T_agSsZFkZALqEYIiCXQ"},{"alias":"black-brick-brooklyn","categories":[{"alias":"coffee","title":"Coffee & Tea"}],"coordinates_latitude":40.7142079238,"coordinates_longitude":-73.9617848396,"display_phone":"(718) 384-0075","distance":2908.1707973177,"id":"tq7dDT6edTInhkNdDrYv_w","image_url":"https:\/\/s3-media1.fl.yelpcdn.com\/bphoto\/KMA7EDvWqQnCa9T6SICejQ\/o.jpg","is_closed":false,"location_address1":"300 Bedford Ave","location_address2":null,"location_address3":"","location_city":"Brooklyn","location_country":"US","location_display_address":["300 Bedford Ave","Brooklyn, NY 11211"],"location_state":"NY","location_zip_code":"11211","name":"Black Brick","phone":"+17183840075","price":"$","rating":4.0,"review_count":289,"transactions":[],"url":"https:\/\/www.yelp.com\/biz\/black-brick-brooklyn?adjust_creative=w1T_agSsZFkZALqEYIiCXQ&utm_campaign=yelp_api_v3&utm_medium=api_v3_business_search&utm_source=w1T_agSsZFkZALqEYIiCXQ"},{"alias":"usagi-ny-dumbo-7","categories":[{"alias":"bookstores","title":"Bookstores"},{"alias":"cafes","title":"Cafes"},{"alias":"homedecor","title":"Home Decor"}],"coordinates_latitude":40.70383,"coordinates_longitude":-73.98691,"display_phone":"(718) 801-8037","distance":635.7818631528,"id":"vijwGDNrPBJHEG7_DsjZNw","image_url":"https:\/\/s3-media2.fl.yelpcdn.com\/bphoto\/5gCxDDgvjSnZOIM6fl6Wqg\/o.jpg","is_closed":false,"location_address1":"163 Plymouth St","location_address2":"","location_address3":"","location_city":"Dumbo","location_country":"US","location_display_address":["163 Plymouth St","Dumbo, NY 11201"],"location_state":"NY","location_zip_code":"11201","name":"Usagi NY","phone":"+17188018037","price":"$$","rating":4.5,"review_count":56,"transactions":[],"url":"https:\/\/www.yelp.com\/biz\/usagi-ny-dumbo-7?adjust_creative=w1T_agSsZFkZALqEYIiCXQ&utm_campaign=yelp_api_v3&utm_medium=api_v3_business_search&utm_source=w1T_agSsZFkZALqEYIiCXQ"},{"alias":"spreadhouse-cafe-new-york-3","categories":[{"alias":"cafes","title":"Cafes"},{"alias":"bars","title":"Bars"}],"coordinates_latitude":40.71891,"coordinates_longitude":-73.98585,"display_phone":"(646) 524-6353","distance":1657.2327995035,"id":"wTA00Dov2lFYXKnZ58eXAQ","image_url":"https:\/\/s3-media2.fl.yelpcdn.com\/bphoto\/YsBfwR-s2ZdfmCwqwAx_iQ\/o.jpg","is_closed":false,"location_address1":"116 Suffolk St","location_address2":"","location_address3":"","location_city":"New York","location_country":"US","location_display_address":["116 Suffolk St","New York, NY 10002"],"location_state":"NY","location_zip_code":"10002","name":"Spreadhouse Cafe","phone":"+16465246353","price":"$","rating":4.0,"review_count":375,"transactions":[],"url":"https:\/\/www.yelp.com\/biz\/spreadhouse-cafe-new-york-3?adjust_creative=w1T_agSsZFkZALqEYIiCXQ&utm_campaign=yelp_api_v3&utm_medium=api_v3_business_search&utm_source=w1T_agSsZFkZALqEYIiCXQ"},{"alias":"coffee-project-ny-new-york","categories":[{"alias":"coffee","title":"Coffee & Tea"}],"coordinates_latitude":40.72699,"coordinates_longitude":-73.98922,"display_phone":"(212) 228-7888","distance":2435.8434261217,"id":"pimuUR-TEHIjUla3S3jemQ","image_url":"https:\/\/s3-media2.fl.yelpcdn.com\/bphoto\/2Wtg4i2JV0N0ZZnl33S3Cg\/o.jpg","is_closed":false,"location_address1":"239 E 5th St","location_address2":null,"location_address3":"","location_city":"New York","location_country":"US","location_display_address":["239 E 5th St","New York, NY 10003"],"location_state":"NY","location_zip_code":"10003","name":"Coffee Project NY","phone":"+12122287888","price":"$$","rating":4.5,"review_count":615,"transactions":[],"url":"https:\/\/www.yelp.com\/biz\/coffee-project-ny-new-york?adjust_creative=w1T_agSsZFkZALqEYIiCXQ&utm_campaign=yelp_api_v3&utm_medium=api_v3_business_search&utm_source=w1T_agSsZFkZALqEYIiCXQ"},{"alias":"lella-alimentari-brooklyn","categories":[{"alias":"coffee","title":"Coffee & Tea"},{"alias":"breakfast_brunch","title":"Breakfast & Brunch"},{"alias":"sandwiches","title":"Sandwiches"}],"coordinates_latitude":40.71516,"coordinates_longitude":-73.946451,"display_phone":"(718) 599-2625","distance":4171.8406595331,"id":"UpPXAjKc-CyuCg72chwd3A","image_url":"https:\/\/s3-media1.fl.yelpcdn.com\/bphoto\/nPa0-YoztfhyznfKVzfbeg\/o.jpg","is_closed":false,"location_address1":"325 Manhattan Ave","location_address2":"","location_address3":"","location_city":"Brooklyn","location_country":"US","location_display_address":["325 Manhattan Ave","Brooklyn, NY 11211"],"location_state":"NY","location_zip_code":"11211","name":"Lella Alimentari","phone":"+17185992625","price":"$","rating":5.0,"review_count":152,"transactions":[],"url":"https:\/\/www.yelp.com\/biz\/lella-alimentari-brooklyn?adjust_creative=w1T_agSsZFkZALqEYIiCXQ&utm_campaign=yelp_api_v3&utm_medium=api_v3_business_search&utm_source=w1T_agSsZFkZALqEYIiCXQ"},{"alias":"saltwater-coffee-new-york","categories":[{"alias":"coffee","title":"Coffee & Tea"}],"coordinates_latitude":40.7304578,"coordinates_longitude":-73.9839175,"display_phone":"(917) 881-2245","distance":2915.532076906,"id":"SZXOfQbLyF3C5GwYBj6VvA","image_url":"https:\/\/s3-media1.fl.yelpcdn.com\/bphoto\/cdBBTyVhiBft09uTwGStcw\/o.jpg","is_closed":false,"location_address1":"345 E 12th St","location_address2":null,"location_address3":"","location_city":"New York","location_country":"US","location_display_address":["345 E 12th St","New York, NY 10003"],"location_state":"NY","location_zip_code":"10003","name":"Saltwater Coffee","phone":"+19178812245","price":"$$","rating":5.0,"review_count":158,"transactions":[],"url":"https:\/\/www.yelp.com\/biz\/saltwater-coffee-new-york?adjust_creative=w1T_agSsZFkZALqEYIiCXQ&utm_campaign=yelp_api_v3&utm_medium=api_v3_business_search&utm_source=w1T_agSsZFkZALqEYIiCXQ"},{"alias":"urban-backyard-new-york","categories":[{"alias":"coffee","title":"Coffee & Tea"}],"coordinates_latitude":40.72077,"coordinates_longitude":-73.99646,"display_phone":"(646) 692-9957","distance":1716.0183423034,"id":"HUlbrPvAr6sXuBfp5z1MWA","image_url":"https:\/\/s3-media3.fl.yelpcdn.com\/bphoto\/Xh8__mjKHbtT9xs9RTzwxg\/o.jpg","is_closed":false,"location_address1":"180 Mulberry St","location_address2":null,"location_address3":"","location_city":"New York","location_country":"US","location_display_address":["180 Mulberry St","New York, NY 10012"],"location_state":"NY","location_zip_code":"10012","name":"Urban Backyard","phone":"+16466929957","price":"$$","rating":5.0,"review_count":54,"transactions":[],"url":"https:\/\/www.yelp.com\/biz\/urban-backyard-new-york?adjust_creative=w1T_agSsZFkZALqEYIiCXQ&utm_campaign=yelp_api_v3&utm_medium=api_v3_business_search&utm_source=w1T_agSsZFkZALqEYIiCXQ"},{"alias":"bird-and-branch-new-york","categories":[{"alias":"coffee","title":"Coffee & Tea"},{"alias":"desserts","title":"Desserts"}],"coordinates_latitude":40.7603099,"coordinates_longitude":-73.99087,"display_phone":"(917) 265-8444","distance":6107.0085323431,"id":"IkyRp47Jpbk_AQ35qlr-eg","image_url":"https:\/\/s3-media3.fl.yelpcdn.com\/bphoto\/icX4I6M0-slxfP43nknguw\/o.jpg","is_closed":false,"location_address1":"359 West 45th St","location_address2":null,"location_address3":"","location_city":"New York","location_country":"US","location_display_address":["359 West 45th St","New York, NY 10036"],"location_state":"NY","location_zip_code":"10036","name":"Bird & Branch","phone":"+19172658444","price":"$$","rating":5.0,"review_count":131,"transactions":[],"url":"https:\/\/www.yelp.com\/biz\/bird-and-branch-new-york?adjust_creative=w1T_agSsZFkZALqEYIiCXQ&utm_campaign=yelp_api_v3&utm_medium=api_v3_business_search&utm_source=w1T_agSsZFkZALqEYIiCXQ"},{"alias":"frisson-espresso-new-york","categories":[{"alias":"coffee","title":"Coffee & Tea"},{"alias":"cafes","title":"Cafes"}],"coordinates_latitude":40.7608108521,"coordinates_longitude":-73.9889984131,"display_phone":"(646) 850-3928","distance":6174.3373732836,"id":"HjGjGy3JhhRFcR7MaQLrjA","image_url":"https:\/\/s3-media4.fl.yelpcdn.com\/bphoto\/Nc04NmKAd_l3JsCinFymrA\/o.jpg","is_closed":false,"location_address1":"326 W 47th St","location_address2":null,"location_address3":"","location_city":"New York","location_country":"US","location_display_address":["326 W 47th St","New York, NY 10036"],"location_state":"NY","location_zip_code":"10036","name":"Frisson Espresso","phone":"+16468503928","price":"$","rating":4.5,"review_count":627,"transactions":["delivery","pickup"],"url":"https:\/\/www.yelp.com\/biz\/frisson-espresso-new-york?adjust_creative=w1T_agSsZFkZALqEYIiCXQ&utm_campaign=yelp_api_v3&utm_medium=api_v3_business_search&utm_source=w1T_agSsZFkZALqEYIiCXQ"},{"alias":"la-parisienne-new-york-5","categories":[{"alias":"cafes","title":"Cafes"},{"alias":"french","title":"French"},{"alias":"breakfast_brunch","title":"Breakfast & Brunch"}],"coordinates_latitude":40.70961,"coordinates_longitude":-74.0093799,"display_phone":"(646) 756-4911","distance":1350.108963069,"id":"xTnivXEdEtXrnhp-z4JGvg","image_url":"https:\/\/s3-media2.fl.yelpcdn.com\/bphoto\/8i6Hgi2iOA06CgDK8ED4pQ\/o.jpg","is_closed":false,"location_address1":"9 Maiden Ln","location_address2":null,"location_address3":"","location_city":"New York","location_country":"US","location_display_address":["9 Maiden Ln","New York, NY 10038"],"location_state":"NY","location_zip_code":"10038","name":"La Parisienne","phone":"+16467564911","price":"$$","rating":4.5,"review_count":244,"transactions":["delivery","pickup"],"url":"https:\/\/www.yelp.com\/biz\/la-parisienne-new-york-5?adjust_creative=w1T_agSsZFkZALqEYIiCXQ&utm_campaign=yelp_api_v3&utm_medium=api_v3_business_search&utm_source=w1T_agSsZFkZALqEYIiCXQ"},{"alias":"bibble-and-sip-new-york-2","categories":[{"alias":"coffee","title":"Coffee & Tea"},{"alias":"bakeries","title":"Bakeries"}],"coordinates_latitude":40.76282,"coordinates_longitude":-73.98518,"display_phone":"(646) 649-5116","distance":6427.9212521554,"id":"WHRHK3S1mQc3PmhwsGRvbw","image_url":"https:\/\/s3-media2.fl.yelpcdn.com\/bphoto\/b4_G7Dc2l1hpHlTjH48kuw\/o.jpg","is_closed":false,"location_address1":"253 W 51st St","location_address2":"","location_address3":"","location_city":"New York","location_country":"US","location_display_address":["253 W 51st St","New York, NY 10019"],"location_state":"NY","location_zip_code":"10019","name":"Bibble & Sip","phone":"+16466495116","price":"$","rating":4.5,"review_count":4135,"transactions":[],"url":"https:\/\/www.yelp.com\/biz\/bibble-and-sip-new-york-2?adjust_creative=w1T_agSsZFkZALqEYIiCXQ&utm_campaign=yelp_api_v3&utm_medium=api_v3_business_search&utm_source=w1T_agSsZFkZALqEYIiCXQ"},{"alias":"little-collins-new-york-3","categories":[{"alias":"coffee","title":"Coffee & Tea"},{"alias":"breakfast_brunch","title":"Breakfast & Brunch"},{"alias":"sandwiches","title":"Sandwiches"}],"coordinates_latitude":40.759912,"coordinates_longitude":-73.96964,"display_phone":"(212) 308-1969","distance":6402.7922098556,"id":"1aD88qNRb08LGBkl84GQTA","image_url":"https:\/\/s3-media2.fl.yelpcdn.com\/bphoto\/Y52xQoubzZS4Etd7LHPwIg\/o.jpg","is_closed":false,"location_address1":"667 Lexington Ave","location_address2":"","location_address3":null,"location_city":"New York","location_country":"US","location_display_address":["667 Lexington Ave","New York, NY 10022"],"location_state":"NY","location_zip_code":"10022","name":"Little Collins","phone":"+12123081969","price":"$$","rating":4.5,"review_count":715,"transactions":["delivery","pickup"],"url":"https:\/\/www.yelp.com\/biz\/little-collins-new-york-3?adjust_creative=w1T_agSsZFkZALqEYIiCXQ&utm_campaign=yelp_api_v3&utm_medium=api_v3_business_search&utm_source=w1T_agSsZFkZALqEYIiCXQ"},{"alias":"roots-cafe-brooklyn-3","categories":[{"alias":"coffee","title":"Coffee & Tea"},{"alias":"breakfast_brunch","title":"Breakfast & Brunch"},{"alias":"sandwiches","title":"Sandwiches"}],"coordinates_latitude":40.6628485,"coordinates_longitude":-73.9916831,"display_phone":"(929) 301-5535","distance":4741.604888418,"id":"nqXvLzqzQQTJ2eMPkAcojw","image_url":"https:\/\/s3-media1.fl.yelpcdn.com\/bphoto\/zZbJ-2Fu6snfH0waaILiRQ\/o.jpg","is_closed":false,"location_address1":"639 5th Ave","location_address2":"","location_address3":"","location_city":"Brooklyn","location_country":"US","location_display_address":["639 5th Ave","Brooklyn, NY 11215"],"location_state":"NY","location_zip_code":"11215","name":"Roots Cafe","phone":"+19293015535","price":"$","rating":4.5,"review_count":289,"transactions":[],"url":"https:\/\/www.yelp.com\/biz\/roots-cafe-brooklyn-3?adjust_creative=w1T_agSsZFkZALqEYIiCXQ&utm_campaign=yelp_api_v3&utm_medium=api_v3_business_search&utm_source=w1T_agSsZFkZALqEYIiCXQ"},{"alias":"burrow-brooklyn","categories":[{"alias":"desserts","title":"Desserts"},{"alias":"cakeshop","title":"Patisserie\/Cake Shop"},{"alias":"coffee","title":"Coffee & Tea"}],"coordinates_latitude":40.7027217,"coordinates_longitude":-73.9868878,"display_phone":"","distance":693.8065652395,"id":"nyxmTe-It-tzfagvjkge1g","image_url":"https:\/\/s3-media1.fl.yelpcdn.com\/bphoto\/oAg_RiYyeMnUO5bY_eIOQw\/o.jpg","is_closed":false,"location_address1":"68 Jay St","location_address2":"Ste 119","location_address3":"","location_city":"Brooklyn","location_country":"US","location_display_address":["68 Jay St","Ste 119","Brooklyn, NY 11201"],"location_state":"NY","location_zip_code":"11201","name":"Burrow","phone":"","price":"$","rating":4.5,"review_count":63,"transactions":[],"url":"https:\/\/www.yelp.com\/biz\/burrow-brooklyn?adjust_creative=w1T_agSsZFkZALqEYIiCXQ&utm_campaign=yelp_api_v3&utm_medium=api_v3_business_search&utm_source=w1T_agSsZFkZALqEYIiCXQ"},{"alias":"rex-new-york-2","categories":[{"alias":"coffee","title":"Coffee & Tea"},{"alias":"sandwiches","title":"Sandwiches"},{"alias":"bakeries","title":"Bakeries"}],"coordinates_latitude":40.7688770028,"coordinates_longitude":-73.9885788233,"display_phone":"(212) 757-0580","distance":7069.7371132947,"id":"lwfrB59lvpkCBw2FZD3X6w","image_url":"https:\/\/s3-media1.fl.yelpcdn.com\/bphoto\/kp1VxDIDtfZQ3ctl32IAfw\/o.jpg","is_closed":false,"location_address1":"864 10th Ave","location_address2":null,"location_address3":"","location_city":"New York","location_country":"US","location_display_address":["864 10th Ave","New York, NY 10019"],"location_state":"NY","location_zip_code":"10019","name":"Rex","phone":"+12127570580","price":"$","rating":4.5,"review_count":484,"transactions":[],"url":"https:\/\/www.yelp.com\/biz\/rex-new-york-2?adjust_creative=w1T_agSsZFkZALqEYIiCXQ&utm_campaign=yelp_api_v3&utm_medium=api_v3_business_search&utm_source=w1T_agSsZFkZALqEYIiCXQ"},{"alias":"cafe-patoro-new-york","categories":[{"alias":"bakeries","title":"Bakeries"},{"alias":"brazilian","title":"Brazilian"},{"alias":"coffee","title":"Coffee & Tea"}],"coordinates_latitude":40.7072720975,"coordinates_longitude":-74.0023160353,"display_phone":"(917) 262-0031","distance":706.1266596183,"id":"wWhZvkaFrntlSf1CWvD1Zw","image_url":"https:\/\/s3-media2.fl.yelpcdn.com\/bphoto\/Nnlsd9Wl7KFVVqZxtDRWpw\/o.jpg","is_closed":false,"location_address1":"223 Front St","location_address2":"","location_address3":"","location_city":"New York","location_country":"US","location_display_address":["223 Front St","New York, NY 10038"],"location_state":"NY","location_zip_code":"10038","name":"Cafe Patoro","phone":"+19172620031","price":"$","rating":4.5,"review_count":137,"transactions":["delivery","pickup"],"url":"https:\/\/www.yelp.com\/biz\/cafe-patoro-new-york?adjust_creative=w1T_agSsZFkZALqEYIiCXQ&utm_campaign=yelp_api_v3&utm_medium=api_v3_business_search&utm_source=w1T_agSsZFkZALqEYIiCXQ"},{"alias":"daily-provisions-new-york","categories":[{"alias":"cafes","title":"Cafes"},{"alias":"bakeries","title":"Bakeries"},{"alias":"sandwiches","title":"Sandwiches"}],"coordinates_latitude":40.73768,"coordinates_longitude":-73.9876685,"display_phone":"(212) 488-1505","distance":3624.1190065203,"id":"t4M1VX4n34eEgUWMJ7cgKw","image_url":"https:\/\/s3-media3.fl.yelpcdn.com\/bphoto\/eojExSsIJ48n7IV1QOAi3A\/o.jpg","is_closed":false,"location_address1":"103 E 19th St","location_address2":"","location_address3":null,"location_city":"New York","location_country":"US","location_display_address":["103 E 19th St","New York, NY 10003"],"location_state":"NY","location_zip_code":"10003","name":"Daily Provisions","phone":"+12124881505","price":"$$","rating":4.5,"review_count":298,"transactions":[],"url":"https:\/\/www.yelp.com\/biz\/daily-provisions-new-york?adjust_creative=w1T_agSsZFkZALqEYIiCXQ&utm_campaign=yelp_api_v3&utm_medium=api_v3_business_search&utm_source=w1T_agSsZFkZALqEYIiCXQ"},{"alias":"penny-house-cafe-brooklyn","categories":[{"alias":"coffee","title":"Coffee & Tea"},{"alias":"breakfast_brunch","title":"Breakfast & Brunch"},{"alias":"sandwiches","title":"Sandwiches"}],"coordinates_latitude":40.676044,"coordinates_longitude":-73.963713,"display_phone":"(347) 240-7281","distance":4163.579207137,"id":"ROFCA0HkLDA1KZWzAOnCxw","image_url":"https:\/\/s3-media2.fl.yelpcdn.com\/bphoto\/2ciINwjjiASgA2HDQcwm8g\/o.jpg","is_closed":false,"location_address1":"732 Washington Ave","location_address2":"","location_address3":"","location_city":"Brooklyn","location_country":"US","location_display_address":["732 Washington Ave","Brooklyn, NY 11238"],"location_state":"NY","location_zip_code":"11238","name":"Penny House Cafe","phone":"+13472407281","price":"$","rating":4.5,"review_count":215,"transactions":[],"url":"https:\/\/www.yelp.com\/biz\/penny-house-cafe-brooklyn?adjust_creative=w1T_agSsZFkZALqEYIiCXQ&utm_campaign=yelp_api_v3&utm_medium=api_v3_business_search&utm_source=w1T_agSsZFkZALqEYIiCXQ"},{"alias":"seven-grams-caffe-new-york-3","categories":[{"alias":"coffee","title":"Coffee & Tea"},{"alias":"bakeries","title":"Bakeries"}],"coordinates_latitude":40.7456063122,"coordinates_longitude":-73.9942775378,"display_phone":"(212) 727-1777","distance":4465.7444815221,"id":"HgfzssjwDEWtdcaxSJqfqg","image_url":"https:\/\/s3-media2.fl.yelpcdn.com\/bphoto\/QOKRbC4ppjsHXqGFSa0VmQ\/o.jpg","is_closed":false,"location_address1":"275 7th Ave","location_address2":null,"location_address3":"","location_city":"New York","location_country":"US","location_display_address":["275 7th Ave","New York, NY 10001"],"location_state":"NY","location_zip_code":"10001","name":"Seven Grams Caffe","phone":"+12127271777","price":"$","rating":4.5,"review_count":369,"transactions":["delivery","pickup"],"url":"https:\/\/www.yelp.com\/biz\/seven-grams-caffe-new-york-3?adjust_creative=w1T_agSsZFkZALqEYIiCXQ&utm_campaign=yelp_api_v3&utm_medium=api_v3_business_search&utm_source=w1T_agSsZFkZALqEYIiCXQ"},{"alias":"dweebs-brooklyn","categories":[{"alias":"cafes","title":"Cafes"}],"coordinates_latitude":40.7003712484,"coordinates_longitude":-73.9228504316,"display_phone":"(347) 413-5272","distance":6048.7727298531,"id":"pQkzgYnGnNzdCWriyGlfdg","image_url":"https:\/\/s3-media2.fl.yelpcdn.com\/bphoto\/lKJeQmtWxgZctFuU2v30Ow\/o.jpg","is_closed":false,"location_address1":"1434 Dekalb Ave","location_address2":null,"location_address3":"","location_city":"Brooklyn","location_country":"US","location_display_address":["1434 Dekalb Ave","Brooklyn, NY 11237"],"location_state":"NY","location_zip_code":"11237","name":"Dweebs","phone":"+13474135272","price":"$","rating":4.5,"review_count":72,"transactions":[],"url":"https:\/\/www.yelp.com\/biz\/dweebs-brooklyn?adjust_creative=w1T_agSsZFkZALqEYIiCXQ&utm_campaign=yelp_api_v3&utm_medium=api_v3_business_search&utm_source=w1T_agSsZFkZALqEYIiCXQ"},{"alias":"sey-coffee-brooklyn","categories":[{"alias":"coffeeroasteries","title":"Coffee Roasteries"},{"alias":"coffee","title":"Coffee & Tea"}],"coordinates_latitude":40.705318,"coordinates_longitude":-73.932418,"display_phone":"(347) 871-1611","distance":5215.7150237589,"id":"bmSYtYRPf6ycx-4xWhbHFg","image_url":"https:\/\/s3-media2.fl.yelpcdn.com\/bphoto\/u-ELVPkaYK8piYsQxUkosw\/o.jpg","is_closed":false,"location_address1":"18 Grattan St","location_address2":null,"location_address3":"","location_city":"Brooklyn","location_country":"US","location_display_address":["18 Grattan St","Brooklyn, NY 11206"],"location_state":"NY","location_zip_code":"11206","name":"Sey Coffee","phone":"+13478711611","price":"$","rating":4.5,"review_count":65,"transactions":[],"url":"https:\/\/www.yelp.com\/biz\/sey-coffee-brooklyn?adjust_creative=w1T_agSsZFkZALqEYIiCXQ&utm_campaign=yelp_api_v3&utm_medium=api_v3_business_search&utm_source=w1T_agSsZFkZALqEYIiCXQ"},{"alias":"bluestone-lane-new-york-10","categories":[{"alias":"coffee","title":"Coffee & Tea"},{"alias":"gluten_free","title":"Gluten-Free"},{"alias":"breakfast_brunch","title":"Breakfast & Brunch"}],"coordinates_latitude":40.7554239,"coordinates_longitude":-73.9705679,"display_phone":"(718) 374-6858","distance":5906.0452898522,"id":"NYU2iSBy2nwBmggb07FWXA","image_url":"https:\/\/s3-media2.fl.yelpcdn.com\/bphoto\/cx6rBga6732RSVEFCTuxVw\/o.jpg","is_closed":false,"location_address1":"805 3rd Ave","location_address2":"","location_address3":"","location_city":"New York","location_country":"US","location_display_address":["805 3rd Ave","New York, NY 10022"],"location_state":"NY","location_zip_code":"10022","name":"Bluestone Lane","phone":"+17183746858","price":"$","rating":4.5,"review_count":237,"transactions":[],"url":"https:\/\/www.yelp.com\/biz\/bluestone-lane-new-york-10?adjust_creative=w1T_agSsZFkZALqEYIiCXQ&utm_campaign=yelp_api_v3&utm_medium=api_v3_business_search&utm_source=w1T_agSsZFkZALqEYIiCXQ"},{"alias":"kaigo-coffee-room-new-york-4","categories":[{"alias":"coffee","title":"Coffee & Tea"}],"coordinates_latitude":40.7187029822,"coordinates_longitude":-74.0004725371,"display_phone":"(646) 504-5353","distance":1563.5297646007,"id":"u0bYCPlbJ85_lDjnZQ_e3w","image_url":"https:\/\/s3-media4.fl.yelpcdn.com\/bphoto\/b6xzD6icNoM9SJ9PnYILeQ\/o.jpg","is_closed":false,"location_address1":"120C Lafayette St","location_address2":"","location_address3":null,"location_city":"New York","location_country":"US","location_display_address":["120C Lafayette St","New York, NY 10013"],"location_state":"NY","location_zip_code":"10013","name":"Kaigo Coffee Room","phone":"+16465045353","price":"$$","rating":4.5,"review_count":118,"transactions":[],"url":"https:\/\/www.yelp.com\/biz\/kaigo-coffee-room-new-york-4?adjust_creative=w1T_agSsZFkZALqEYIiCXQ&utm_campaign=yelp_api_v3&utm_medium=api_v3_business_search&utm_source=w1T_agSsZFkZALqEYIiCXQ"},{"alias":"la-colombe-coffee-new-york-2","categories":[{"alias":"coffee","title":"Coffee & Tea"}],"coordinates_latitude":40.72396,"coordinates_longitude":-73.99643,"display_phone":"(212) 625-1717","distance":2069.5745999716,"id":"-8nEZ20KDfr4PPH47MrAOA","image_url":"https:\/\/s3-media4.fl.yelpcdn.com\/bphoto\/6j27l5rIkTs8KOZOtc9t_Q\/o.jpg","is_closed":false,"location_address1":"270 Lafayette St","location_address2":"","location_address3":"","location_city":"New York","location_country":"US","location_display_address":["270 Lafayette St","New York, NY 10012"],"location_state":"NY","location_zip_code":"10012","name":"La Colombe Coffee","phone":"+12126251717","price":"$$","rating":4.5,"review_count":638,"transactions":[],"url":"https:\/\/www.yelp.com\/biz\/la-colombe-coffee-new-york-2?adjust_creative=w1T_agSsZFkZALqEYIiCXQ&utm_campaign=yelp_api_v3&utm_medium=api_v3_business_search&utm_source=w1T_agSsZFkZALqEYIiCXQ"},{"alias":"round-k-new-york","categories":[{"alias":"coffee","title":"Coffee & Tea"},{"alias":"breakfast_brunch","title":"Breakfast & Brunch"},{"alias":"bagels","title":"Bagels"}],"coordinates_latitude":40.718906,"coordinates_longitude":-73.990966,"display_phone":"(917) 475-1423","distance":1523.9167334386,"id":"kuKSvCZDFrgOrY-dcrOefg","image_url":"https:\/\/s3-media1.fl.yelpcdn.com\/bphoto\/S5rlrXJpAGtwSJS8xcJ0XA\/o.jpg","is_closed":false,"location_address1":"99 Allen St","location_address2":null,"location_address3":"","location_city":"New York","location_country":"US","location_display_address":["99 Allen St","New York, NY 10002"],"location_state":"NY","location_zip_code":"10002","name":"Round K","phone":"+19174751423","price":"$","rating":4.5,"review_count":329,"transactions":["delivery","pickup"],"url":"https:\/\/www.yelp.com\/biz\/round-k-new-york?adjust_creative=w1T_agSsZFkZALqEYIiCXQ&utm_campaign=yelp_api_v3&utm_medium=api_v3_business_search&utm_source=w1T_agSsZFkZALqEYIiCXQ"},{"alias":"stumptown-coffee-roasters-new-york-2","categories":[{"alias":"coffee","title":"Coffee & Tea"},{"alias":"coffeeroasteries","title":"Coffee Roasteries"}],"coordinates_latitude":40.7328193931,"coordinates_longitude":-73.9979619991,"display_phone":"(347) 414-7802","distance":3059.5684961992,"id":"IKB1DhFCLFY98mTt_l6u2A","image_url":"https:\/\/s3-media1.fl.yelpcdn.com\/bphoto\/e_YMkoH2YqdLrtMAOZkZ0w\/o.jpg","is_closed":false,"location_address1":"30 W 8th St","location_address2":"","location_address3":"","location_city":"New York","location_country":"US","location_display_address":["30 W 8th St","New York, NY 10011"],"location_state":"NY","location_zip_code":"10011","name":"Stumptown Coffee Roasters","phone":"+13474147802","price":"$$","rating":4.5,"review_count":394,"transactions":[],"url":"https:\/\/www.yelp.com\/biz\/stumptown-coffee-roasters-new-york-2?adjust_creative=w1T_agSsZFkZALqEYIiCXQ&utm_campaign=yelp_api_v3&utm_medium=api_v3_business_search&utm_source=w1T_agSsZFkZALqEYIiCXQ"},{"alias":"perk-kafe-new-york","categories":[{"alias":"coffee","title":"Coffee & Tea"},{"alias":"bakeries","title":"Bakeries"}],"coordinates_latitude":40.7477647359,"coordinates_longitude":-73.9770407671,"display_phone":"(212) 686-7375","distance":4925.2051311799,"id":"xHBpwGzxxbC3vTahHWdABg","image_url":"https:\/\/s3-media3.fl.yelpcdn.com\/bphoto\/GN_GrTR4Gm9JyqKIZOHZEw\/o.jpg","is_closed":false,"location_address1":"162 E 37th St","location_address2":"","location_address3":"","location_city":"New York","location_country":"US","location_display_address":["162 E 37th St","New York, NY 10016"],"location_state":"NY","location_zip_code":"10016","name":"Perk Kafe","phone":"+12126867375","price":"$","rating":4.5,"review_count":359,"transactions":[],"url":"https:\/\/www.yelp.com\/biz\/perk-kafe-new-york?adjust_creative=w1T_agSsZFkZALqEYIiCXQ&utm_campaign=yelp_api_v3&utm_medium=api_v3_business_search&utm_source=w1T_agSsZFkZALqEYIiCXQ"},{"alias":"12-corners-new-york-4","categories":[{"alias":"coffee","title":"Coffee & Tea"}],"coordinates_latitude":40.7180405,"coordinates_longitude":-73.9972076,"display_phone":"(212) 625-8888","distance":1419.7954306996,"id":"Rs196agFk9VEW2mHrOwpvw","image_url":"https:\/\/s3-media3.fl.yelpcdn.com\/bphoto\/yEkNTNvbElGSUKV62a-dlQ\/o.jpg","is_closed":false,"location_address1":"121 Mott St","location_address2":"","location_address3":"","location_city":"New York","location_country":"US","location_display_address":["121 Mott St","New York, NY 10013"],"location_state":"NY","location_zip_code":"10013","name":"12 Corners","phone":"+12126258888","price":"$","rating":4.5,"review_count":147,"transactions":[],"url":"https:\/\/www.yelp.com\/biz\/12-corners-new-york-4?adjust_creative=w1T_agSsZFkZALqEYIiCXQ&utm_campaign=yelp_api_v3&utm_medium=api_v3_business_search&utm_source=w1T_agSsZFkZALqEYIiCXQ"},{"alias":"koneko-new-york-3","categories":[{"alias":"cafes","title":"Cafes"},{"alias":"breakfast_brunch","title":"Breakfast & Brunch"},{"alias":"desserts","title":"Desserts"}],"coordinates_latitude":40.72044,"coordinates_longitude":-73.98412,"display_phone":"(646) 370-5699","distance":1874.6275271483,"id":"zi_TJRxi0WzADbbI6Jcz3A","image_url":"https:\/\/s3-media3.fl.yelpcdn.com\/bphoto\/hvPOjM4UlB64ObY4CsEn9w\/o.jpg","is_closed":false,"location_address1":"26 Clinton St","location_address2":"","location_address3":"","location_city":"New York","location_country":"US","location_display_address":["26 Clinton St","New York, NY 10002"],"location_state":"NY","location_zip_code":"10002","name":"Koneko","phone":"+16463705699","price":"$$","rating":4.5,"review_count":238,"transactions":[],"url":"https:\/\/www.yelp.com\/biz\/koneko-new-york-3?adjust_creative=w1T_agSsZFkZALqEYIiCXQ&utm_campaign=yelp_api_v3&utm_medium=api_v3_business_search&utm_source=w1T_agSsZFkZALqEYIiCXQ"},{"alias":"felix-roasting-co-new-york-3","categories":[{"alias":"coffee","title":"Coffee & Tea"}],"coordinates_latitude":40.74497,"coordinates_longitude":-73.98312,"display_phone":"","distance":4493.9519130999,"id":"m4xMS2SyPJjUJJqPwv2Jig","image_url":"https:\/\/s3-media3.fl.yelpcdn.com\/bphoto\/gwmY7ETm1nh25wUzvaXrfw\/o.jpg","is_closed":false,"location_address1":"450 Park Ave S","location_address2":"","location_address3":null,"location_city":"New York","location_country":"US","location_display_address":["450 Park Ave S","New York, NY 10016"],"location_state":"NY","location_zip_code":"10016","name":"Felix Roasting Co","phone":"","price":null,"rating":4.5,"review_count":64,"transactions":[],"url":"https:\/\/www.yelp.com\/biz\/felix-roasting-co-new-york-3?adjust_creative=w1T_agSsZFkZALqEYIiCXQ&utm_campaign=yelp_api_v3&utm_medium=api_v3_business_search&utm_source=w1T_agSsZFkZALqEYIiCXQ"},{"alias":"urban-vintage-brooklyn","categories":[{"alias":"coffee","title":"Coffee & Tea"}],"coordinates_latitude":40.6879410742,"coordinates_longitude":-73.9628667683,"display_phone":"(718) 783-6045","distance":3287.4793563827,"id":"COV3XLEiAiK76Yg2HbFjWA","image_url":"https:\/\/s3-media3.fl.yelpcdn.com\/bphoto\/2Sh17ddEaPyokvfWCIHBDA\/o.jpg","is_closed":false,"location_address1":"294 Grand Ave","location_address2":"","location_address3":"","location_city":"Brooklyn","location_country":"US","location_display_address":["294 Grand Ave","Brooklyn, NY 11238"],"location_state":"NY","location_zip_code":"11238","name":"Urban Vintage","phone":"+17187836045","price":"$$","rating":4.5,"review_count":264,"transactions":["delivery","pickup"],"url":"https:\/\/www.yelp.com\/biz\/urban-vintage-brooklyn?adjust_creative=w1T_agSsZFkZALqEYIiCXQ&utm_campaign=yelp_api_v3&utm_medium=api_v3_business_search&utm_source=w1T_agSsZFkZALqEYIiCXQ"},{"alias":"bkg-coffee-roasters-brooklyn-2","categories":[{"alias":"coffee","title":"Coffee & Tea"}],"coordinates_latitude":40.69404,"coordinates_longitude":-73.96193,"display_phone":"","distance":3009.1887231282,"id":"vrcfSmyE8orhd0yHSrqvgQ","image_url":"https:\/\/s3-media3.fl.yelpcdn.com\/bphoto\/viIc9PJn3Gh89uxZfZUjeg\/o.jpg","is_closed":false,"location_address1":"557 Myrtle Ave","location_address2":null,"location_address3":"","location_city":"Brooklyn","location_country":"US","location_display_address":["557 Myrtle Ave","Brooklyn, NY 11205"],"location_state":"NY","location_zip_code":"11205","name":"BKG Coffee Roasters","phone":"","price":"$$","rating":4.5,"review_count":67,"transactions":[],"url":"https:\/\/www.yelp.com\/biz\/bkg-coffee-roasters-brooklyn-2?adjust_creative=w1T_agSsZFkZALqEYIiCXQ&utm_campaign=yelp_api_v3&utm_medium=api_v3_business_search&utm_source=w1T_agSsZFkZALqEYIiCXQ"},{"alias":"yanni-s-coffee-new-york","categories":[{"alias":"cafes","title":"Cafes"},{"alias":"coffee","title":"Coffee & Tea"}],"coordinates_latitude":40.7397792,"coordinates_longitude":-73.9989726,"display_phone":"(646) 833-7333","distance":3839.7369459902,"id":"J4UF6byGVD4cf5R1hyMIxw","image_url":"https:\/\/s3-media4.fl.yelpcdn.com\/bphoto\/XUp5IrXBI2DfcLEo5wKiHQ\/o.jpg","is_closed":false,"location_address1":"96 7th Ave","location_address2":"","location_address3":null,"location_city":"New York","location_country":"US","location_display_address":["96 7th Ave","New York, NY 10011"],"location_state":"NY","location_zip_code":"10011","name":"Yanni\u2019s Coffee","phone":"+16468337333","price":null,"rating":5.0,"review_count":24,"transactions":[],"url":"https:\/\/www.yelp.com\/biz\/yanni-s-coffee-new-york?adjust_creative=w1T_agSsZFkZALqEYIiCXQ&utm_campaign=yelp_api_v3&utm_medium=api_v3_business_search&utm_source=w1T_agSsZFkZALqEYIiCXQ"},{"alias":"butler-brooklyn","categories":[{"alias":"bakeries","title":"Bakeries"},{"alias":"cafes","title":"Cafes"},{"alias":"breakfast_brunch","title":"Breakfast & Brunch"}],"coordinates_latitude":40.7117670178,"coordinates_longitude":-73.9646924964,"display_phone":"","distance":2592.1803299897,"id":"SWRz34fmNEDPcrngJMMo7Q","image_url":"https:\/\/s3-media1.fl.yelpcdn.com\/bphoto\/HY-B75KAjTZdEbH1oshy4Q\/o.jpg","is_closed":false,"location_address1":"95 S 5th St","location_address2":null,"location_address3":null,"location_city":"Brooklyn","location_country":"US","location_display_address":["95 S 5th St","Brooklyn, NY 11249"],"location_state":"NY","location_zip_code":"11249","name":"Butler ","phone":"","price":"$$","rating":4.5,"review_count":85,"transactions":[],"url":"https:\/\/www.yelp.com\/biz\/butler-brooklyn?adjust_creative=w1T_agSsZFkZALqEYIiCXQ&utm_campaign=yelp_api_v3&utm_medium=api_v3_business_search&utm_source=w1T_agSsZFkZALqEYIiCXQ"},{"alias":"third-rail-coffee-new-york","categories":[{"alias":"coffee","title":"Coffee & Tea"}],"coordinates_latitude":40.72994,"coordinates_longitude":-73.99959,"display_phone":"","distance":2765.2849385347,"id":"rd0VGG_d_qNp_aBW_HJM4w","image_url":"https:\/\/s3-media3.fl.yelpcdn.com\/bphoto\/gqAmnRMyn18zqbEcuTb1PA\/o.jpg","is_closed":false,"location_address1":"240 Sullivan St","location_address2":"","location_address3":"","location_city":"New York","location_country":"US","location_display_address":["240 Sullivan St","New York, NY 10012"],"location_state":"NY","location_zip_code":"10012","name":"Third Rail Coffee","phone":"","price":"$","rating":4.0,"review_count":451,"transactions":[],"url":"https:\/\/www.yelp.com\/biz\/third-rail-coffee-new-york?adjust_creative=w1T_agSsZFkZALqEYIiCXQ&utm_campaign=yelp_api_v3&utm_medium=api_v3_business_search&utm_source=w1T_agSsZFkZALqEYIiCXQ"},{"alias":"absolute-coffee-brooklyn","categories":[{"alias":"coffee","title":"Coffee & Tea"},{"alias":"bakeries","title":"Bakeries"}],"coordinates_latitude":40.68827,"coordinates_longitude":-73.987569,"display_phone":"(718) 522-0969","distance":1995.2838490428,"id":"Qmv4SPta2zx7MhKit8ywag","image_url":"https:\/\/s3-media2.fl.yelpcdn.com\/bphoto\/7-FjJHmxoT8JXS5lvyO13w\/o.jpg","is_closed":false,"location_address1":"327 Atlantic Ave","location_address2":null,"location_address3":"","location_city":"Brooklyn","location_country":"US","location_display_address":["327 Atlantic Ave","Brooklyn, NY 11201"],"location_state":"NY","location_zip_code":"11201","name":"Absolute Coffee","phone":"+17185220969","price":"$$","rating":4.5,"review_count":151,"transactions":[],"url":"https:\/\/www.yelp.com\/biz\/absolute-coffee-brooklyn?adjust_creative=w1T_agSsZFkZALqEYIiCXQ&utm_campaign=yelp_api_v3&utm_medium=api_v3_business_search&utm_source=w1T_agSsZFkZALqEYIiCXQ"},{"alias":"brooklyn-roasting-company-brooklyn-2","categories":[{"alias":"coffee","title":"Coffee & Tea"}],"coordinates_latitude":40.704228,"coordinates_longitude":-73.986241,"display_phone":"(718) 855-1000","distance":700.3281237079,"id":"pzqb1u_GeU-vkrk_KdFieQ","image_url":"https:\/\/s3-media1.fl.yelpcdn.com\/bphoto\/-B_RsB5Vm0T92Ia8SctWxg\/o.jpg","is_closed":false,"location_address1":"25 Jay St","location_address2":"","location_address3":"","location_city":"Brooklyn","location_country":"US","location_display_address":["25 Jay St","Brooklyn, NY 11201"],"location_state":"NY","location_zip_code":"11201","name":"Brooklyn Roasting Company","phone":"+17188551000","price":"$$","rating":4.0,"review_count":474,"transactions":[],"url":"https:\/\/www.yelp.com\/biz\/brooklyn-roasting-company-brooklyn-2?adjust_creative=w1T_agSsZFkZALqEYIiCXQ&utm_campaign=yelp_api_v3&utm_medium=api_v3_business_search&utm_source=w1T_agSsZFkZALqEYIiCXQ"},{"alias":"the-uncommons-new-york","categories":[{"alias":"coffee","title":"Coffee & Tea"},{"alias":"tabletopgames","title":"Tabletop Games"}],"coordinates_latitude":40.72933,"coordinates_longitude":-73.99865,"display_phone":"(646) 543-9215","distance":2683.8269354371,"id":"h6qbszNgXgjj9Lrb62m-9w","image_url":"https:\/\/s3-media3.fl.yelpcdn.com\/bphoto\/QuWvwhmyv1M12gM1fXDKRw\/o.jpg","is_closed":false,"location_address1":"230 Thompson St","location_address2":null,"location_address3":"","location_city":"New York","location_country":"US","location_display_address":["230 Thompson St","New York, NY 10012"],"location_state":"NY","location_zip_code":"10012","name":"The Uncommons","phone":"+16465439215","price":"$","rating":4.0,"review_count":325,"transactions":[],"url":"https:\/\/www.yelp.com\/biz\/the-uncommons-new-york?adjust_creative=w1T_agSsZFkZALqEYIiCXQ&utm_campaign=yelp_api_v3&utm_medium=api_v3_business_search&utm_source=w1T_agSsZFkZALqEYIiCXQ"},{"alias":"blank-cafe-and-bistro-brooklyn-3","categories":[{"alias":"cafes","title":"Cafes"},{"alias":"breakfast_brunch","title":"Breakfast & Brunch"},{"alias":"sandwiches","title":"Sandwiches"}],"coordinates_latitude":40.7107804265,"coordinates_longitude":-73.9678972634,"display_phone":"","distance":2302.6664718643,"id":"hY5TTqnKJT8w9Dhm6ZYi3A","image_url":"https:\/\/s3-media4.fl.yelpcdn.com\/bphoto\/UWRWO7-IVKt-j5hh3CQ3AQ\/o.jpg","is_closed":false,"location_address1":"25 Broadway","location_address2":"","location_address3":"","location_city":"Brooklyn","location_country":"US","location_display_address":["25 Broadway","Brooklyn, NY 11249"],"location_state":"NY","location_zip_code":"11249","name":"Blank Cafe & Bistro","phone":"","price":"$","rating":4.5,"review_count":97,"transactions":[],"url":"https:\/\/www.yelp.com\/biz\/blank-cafe-and-bistro-brooklyn-3?adjust_creative=w1T_agSsZFkZALqEYIiCXQ&utm_campaign=yelp_api_v3&utm_medium=api_v3_business_search&utm_source=w1T_agSsZFkZALqEYIiCXQ"},{"alias":"cafe-hanamizuki-new-york","categories":[{"alias":"cafes","title":"Cafes"}],"coordinates_latitude":40.7474471,"coordinates_longitude":-73.9915989,"display_phone":"(212) 695-5533","distance":4675.945620348,"id":"S-619sO8qSxQcis0DBHvNw","image_url":"https:\/\/s3-media2.fl.yelpcdn.com\/bphoto\/LpaAg0q1QA3o-Il6VQAeHQ\/o.jpg","is_closed":false,"location_address1":"143 W 29th St","location_address2":"","location_address3":"","location_city":"New York","location_country":"US","location_display_address":["143 W 29th St","New York, NY 10001"],"location_state":"NY","location_zip_code":"10001","name":"Cafe Hanamizuki","phone":"+12126955533","price":"$$","rating":4.0,"review_count":465,"transactions":[],"url":"https:\/\/www.yelp.com\/biz\/cafe-hanamizuki-new-york?adjust_creative=w1T_agSsZFkZALqEYIiCXQ&utm_campaign=yelp_api_v3&utm_medium=api_v3_business_search&utm_source=w1T_agSsZFkZALqEYIiCXQ"},{"alias":"northerly-brooklyn-3","categories":[{"alias":"coffee","title":"Coffee & Tea"},{"alias":"breakfast_brunch","title":"Breakfast & Brunch"},{"alias":"sandwiches","title":"Sandwiches"}],"coordinates_latitude":40.71065,"coordinates_longitude":-73.95801,"display_phone":"(718) 388-1101","distance":3117.364455015,"id":"qmug--sWLL23vwMFfuEmqQ","image_url":"https:\/\/s3-media1.fl.yelpcdn.com\/bphoto\/qXlebqJKV5OjXuNWvxAzkA\/o.jpg","is_closed":false,"location_address1":"181 Havemeyer St","location_address2":null,"location_address3":"","location_city":"Brooklyn","location_country":"US","location_display_address":["181 Havemeyer St","Brooklyn, NY 11211"],"location_state":"NY","location_zip_code":"11211","name":"Northerly","phone":"+17183881101","price":"$","rating":4.5,"review_count":54,"transactions":[],"url":"https:\/\/www.yelp.com\/biz\/northerly-brooklyn-3?adjust_creative=w1T_agSsZFkZALqEYIiCXQ&utm_campaign=yelp_api_v3&utm_medium=api_v3_business_search&utm_source=w1T_agSsZFkZALqEYIiCXQ"},{"alias":"two-for-the-pot-brooklyn","categories":[{"alias":"coffee","title":"Coffee & Tea"},{"alias":"herbsandspices","title":"Herbs & Spices"}],"coordinates_latitude":40.69067,"coordinates_longitude":-73.994461,"display_phone":"(718) 855-8173","distance":1660.247085882,"id":"lUZbIxWf_eylfXcJcjdCBg","image_url":"https:\/\/s3-media1.fl.yelpcdn.com\/bphoto\/GWKY0OL2MLexGlNYwCWDlA\/o.jpg","is_closed":false,"location_address1":"200 Clinton St","location_address2":"","location_address3":"","location_city":"Brooklyn","location_country":"US","location_display_address":["200 Clinton St","Brooklyn, NY 11201"],"location_state":"NY","location_zip_code":"11201","name":"Two For the Pot","phone":"+17188558173","price":"$$","rating":4.5,"review_count":33,"transactions":[],"url":"https:\/\/www.yelp.com\/biz\/two-for-the-pot-brooklyn?adjust_creative=w1T_agSsZFkZALqEYIiCXQ&utm_campaign=yelp_api_v3&utm_medium=api_v3_business_search&utm_source=w1T_agSsZFkZALqEYIiCXQ"},{"alias":"happy-bones-nyc-new-york","categories":[{"alias":"coffee","title":"Coffee & Tea"}],"coordinates_latitude":40.720726,"coordinates_longitude":-73.9970474,"display_phone":"(212) 673-3754","distance":1718.7564341156,"id":"jDLKMWhHACb5w1DDtnW9ag","image_url":"https:\/\/s3-media1.fl.yelpcdn.com\/bphoto\/elDezPe_3XLHkJontILRYQ\/o.jpg","is_closed":false,"location_address1":"394 Broome St","location_address2":"","location_address3":"","location_city":"New York","location_country":"US","location_display_address":["394 Broome St","New York, NY 10013"],"location_state":"NY","location_zip_code":"10013","name":"Happy Bones NYC","phone":"+12126733754","price":"$$","rating":4.0,"review_count":266,"transactions":[],"url":"https:\/\/www.yelp.com\/biz\/happy-bones-nyc-new-york?adjust_creative=w1T_agSsZFkZALqEYIiCXQ&utm_campaign=yelp_api_v3&utm_medium=api_v3_business_search&utm_source=w1T_agSsZFkZALqEYIiCXQ"},{"alias":"grounded-new-york","categories":[{"alias":"coffee","title":"Coffee & Tea"},{"alias":"sandwiches","title":"Sandwiches"}],"coordinates_latitude":40.73806,"coordinates_longitude":-74.0034,"display_phone":"(212) 647-0943","distance":3702.2077522411,"id":"ZnJZ8F17rLIZ3JbJQ2admw","image_url":"https:\/\/s3-media4.fl.yelpcdn.com\/bphoto\/de6HOIlSF2E8oda3kHjgIg\/o.jpg","is_closed":false,"location_address1":"28 Jane St","location_address2":"","location_address3":"","location_city":"New York","location_country":"US","location_display_address":["28 Jane St","New York, NY 10014"],"location_state":"NY","location_zip_code":"10014","name":"Grounded","phone":"+12126470943","price":"$","rating":4.0,"review_count":698,"transactions":["delivery"],"url":"https:\/\/www.yelp.com\/biz\/grounded-new-york?adjust_creative=w1T_agSsZFkZALqEYIiCXQ&utm_campaign=yelp_api_v3&utm_medium=api_v3_business_search&utm_source=w1T_agSsZFkZALqEYIiCXQ"},{"alias":"cafe-madeline-brooklyn","categories":[{"alias":"breakfast_brunch","title":"Breakfast & Brunch"},{"alias":"cafes","title":"Cafes"}],"coordinates_latitude":40.6419312,"coordinates_longitude":-73.9633539,"display_phone":"(218) 941-4020","distance":7528.9731458817,"id":"bZc7uxqmmYLxLb14gfCOuw","image_url":"https:\/\/s3-media2.fl.yelpcdn.com\/bphoto\/lVF-hK8V2fIkCcbW1lBjXw\/o.jpg","is_closed":false,"location_address1":"1603 Cortelyou Rd","location_address2":"","location_address3":"","location_city":"Brooklyn","location_country":"US","location_display_address":["1603 Cortelyou Rd","Brooklyn, NY 11226"],"location_state":"NY","location_zip_code":"11226","name":"Cafe Madeline","phone":"+12189414020","price":"$$","rating":4.0,"review_count":456,"transactions":[],"url":"https:\/\/www.yelp.com\/biz\/cafe-madeline-brooklyn?adjust_creative=w1T_agSsZFkZALqEYIiCXQ&utm_campaign=yelp_api_v3&utm_medium=api_v3_business_search&utm_source=w1T_agSsZFkZALqEYIiCXQ"},{"alias":"black-cat-les-new-york-2","categories":[{"alias":"coffee","title":"Coffee & Tea"},{"alias":"breakfast_brunch","title":"Breakfast & Brunch"},{"alias":"sandwiches","title":"Sandwiches"}],"coordinates_latitude":40.719129,"coordinates_longitude":-73.984509,"display_phone":"(646) 918-7711","distance":1730.7079021348,"id":"prQUP_jDq72ll8jf__TK_w","image_url":"https:\/\/s3-media4.fl.yelpcdn.com\/bphoto\/Qs8YxUpFUjiOeX5Lvfuf2Q\/o.jpg","is_closed":false,"location_address1":"172 Rivington St","location_address2":"","location_address3":"","location_city":"New York","location_country":"US","location_display_address":["172 Rivington St","New York, NY 10002"],"location_state":"NY","location_zip_code":"10002","name":"Black Cat LES","phone":"+16469187711","price":"$","rating":4.0,"review_count":258,"transactions":["delivery","pickup"],"url":"https:\/\/www.yelp.com\/biz\/black-cat-les-new-york-2?adjust_creative=w1T_agSsZFkZALqEYIiCXQ&utm_campaign=yelp_api_v3&utm_medium=api_v3_business_search&utm_source=w1T_agSsZFkZALqEYIiCXQ"},{"alias":"mud-new-york-3","categories":[{"alias":"coffee","title":"Coffee & Tea"},{"alias":"breakfast_brunch","title":"Breakfast & Brunch"},{"alias":"beerbar","title":"Beer Bar"}],"coordinates_latitude":40.72905,"coordinates_longitude":-73.98668,"display_phone":"(212) 228-9074","distance":2705.4580849244,"id":"S-WdvEU1X7J33whXWk1zmw","image_url":"https:\/\/s3-media4.fl.yelpcdn.com\/bphoto\/Btc3X8a2cR-nfD3HV5JIzA\/o.jpg","is_closed":false,"location_address1":"307 E 9th St","location_address2":"","location_address3":"","location_city":"New York","location_country":"US","location_display_address":["307 E 9th St","New York, NY 10003"],"location_state":"NY","location_zip_code":"10003","name":"MUD","phone":"+12122289074","price":"$$","rating":4.0,"review_count":1083,"transactions":[],"url":"https:\/\/www.yelp.com\/biz\/mud-new-york-3?adjust_creative=w1T_agSsZFkZALqEYIiCXQ&utm_campaign=yelp_api_v3&utm_medium=api_v3_business_search&utm_source=w1T_agSsZFkZALqEYIiCXQ"},{"alias":"dot-and-line-brooklyn-4","categories":[{"alias":"coffee","title":"Coffee & Tea"},{"alias":"cafes","title":"Cafes"}],"coordinates_latitude":40.68416,"coordinates_longitude":-73.98357,"display_phone":"(929) 433-6111","distance":2532.5554081981,"id":"5ChP6-1d_LC6-7e6ZQw2Lw","image_url":"https:\/\/s3-media4.fl.yelpcdn.com\/bphoto\/jzPtSddzzbe74oTWTnZsYA\/o.jpg","is_closed":false,"location_address1":"253 Bergen St","location_address2":null,"location_address3":"","location_city":"Brooklyn","location_country":"US","location_display_address":["253 Bergen St","Brooklyn, NY 11217"],"location_state":"NY","location_zip_code":"11217","name":"dot & line","phone":"+19294336111","price":"$","rating":4.5,"review_count":43,"transactions":[],"url":"https:\/\/www.yelp.com\/biz\/dot-and-line-brooklyn-4?adjust_creative=w1T_agSsZFkZALqEYIiCXQ&utm_campaign=yelp_api_v3&utm_medium=api_v3_business_search&utm_source=w1T_agSsZFkZALqEYIiCXQ"},{"alias":"l\u0113na-coffee-bar-new-york","categories":[{"alias":"coffee","title":"Coffee & Tea"},{"alias":"sandwiches","title":"Sandwiches"}],"coordinates_latitude":40.732439,"coordinates_longitude":-73.996744,"display_phone":"(212) 979-2315","distance":3008.7054678136,"id":"IJmnnNx5RlvcckyTt3yjLQ","image_url":"https:\/\/s3-media3.fl.yelpcdn.com\/bphoto\/PmISwEekEXmeY58Ry0_6FQ\/o.jpg","is_closed":false,"location_address1":"1 W 8th St","location_address2":"Ste B","location_address3":"","location_city":"New York","location_country":"US","location_display_address":["1 W 8th St","Ste B","New York, NY 10011"],"location_state":"NY","location_zip_code":"10011","name":"L\u0112NA Coffee Bar","phone":"+12129792315","price":"$","rating":4.5,"review_count":95,"transactions":["delivery","pickup"],"url":"https:\/\/www.yelp.com\/biz\/l%C4%93na-coffee-bar-new-york?adjust_creative=w1T_agSsZFkZALqEYIiCXQ&utm_campaign=yelp_api_v3&utm_medium=api_v3_business_search&utm_source=w1T_agSsZFkZALqEYIiCXQ"},{"alias":"optimistic-cafe-new-york","categories":[{"alias":"coffee","title":"Coffee & Tea"}],"coordinates_latitude":40.7550302987,"coordinates_longitude":-73.9906900004,"display_phone":"(646) 998-3970","distance":5521.9957406809,"id":"S1A-3f6i2Y5R6BBBnKDfwQ","image_url":"https:\/\/s3-media2.fl.yelpcdn.com\/bphoto\/18RFEu6dwGon8S6zcLreaA\/o.jpg","is_closed":false,"location_address1":"260 W 39th St","location_address2":"","location_address3":null,"location_city":"New York","location_country":"US","location_display_address":["260 W 39th St","New York, NY 10018"],"location_state":"NY","location_zip_code":"10018","name":"Optimistic Cafe","phone":"+16469983970","price":"$","rating":4.5,"review_count":33,"transactions":[],"url":"https:\/\/www.yelp.com\/biz\/optimistic-cafe-new-york?adjust_creative=w1T_agSsZFkZALqEYIiCXQ&utm_campaign=yelp_api_v3&utm_medium=api_v3_business_search&utm_source=w1T_agSsZFkZALqEYIiCXQ"},{"alias":"black-brick-brooklyn","categories":[{"alias":"coffee","title":"Coffee & Tea"}],"coordinates_latitude":40.7142079238,"coordinates_longitude":-73.9617848396,"display_phone":"(718) 384-0075","distance":2908.1707973177,"id":"tq7dDT6edTInhkNdDrYv_w","image_url":"https:\/\/s3-media1.fl.yelpcdn.com\/bphoto\/KMA7EDvWqQnCa9T6SICejQ\/o.jpg","is_closed":false,"location_address1":"300 Bedford Ave","location_address2":null,"location_address3":"","location_city":"Brooklyn","location_country":"US","location_display_address":["300 Bedford Ave","Brooklyn, NY 11211"],"location_state":"NY","location_zip_code":"11211","name":"Black Brick","phone":"+17183840075","price":"$","rating":4.0,"review_count":289,"transactions":[],"url":"https:\/\/www.yelp.com\/biz\/black-brick-brooklyn?adjust_creative=w1T_agSsZFkZALqEYIiCXQ&utm_campaign=yelp_api_v3&utm_medium=api_v3_business_search&utm_source=w1T_agSsZFkZALqEYIiCXQ"},{"alias":"usagi-ny-dumbo-7","categories":[{"alias":"bookstores","title":"Bookstores"},{"alias":"cafes","title":"Cafes"},{"alias":"homedecor","title":"Home Decor"}],"coordinates_latitude":40.70383,"coordinates_longitude":-73.98691,"display_phone":"(718) 801-8037","distance":635.7818631528,"id":"vijwGDNrPBJHEG7_DsjZNw","image_url":"https:\/\/s3-media2.fl.yelpcdn.com\/bphoto\/5gCxDDgvjSnZOIM6fl6Wqg\/o.jpg","is_closed":false,"location_address1":"163 Plymouth St","location_address2":"","location_address3":"","location_city":"Dumbo","location_country":"US","location_display_address":["163 Plymouth St","Dumbo, NY 11201"],"location_state":"NY","location_zip_code":"11201","name":"Usagi NY","phone":"+17188018037","price":"$$","rating":4.5,"review_count":56,"transactions":[],"url":"https:\/\/www.yelp.com\/biz\/usagi-ny-dumbo-7?adjust_creative=w1T_agSsZFkZALqEYIiCXQ&utm_campaign=yelp_api_v3&utm_medium=api_v3_business_search&utm_source=w1T_agSsZFkZALqEYIiCXQ"},{"alias":"spreadhouse-cafe-new-york-3","categories":[{"alias":"cafes","title":"Cafes"},{"alias":"bars","title":"Bars"}],"coordinates_latitude":40.71891,"coordinates_longitude":-73.98585,"display_phone":"(646) 524-6353","distance":1657.2327995035,"id":"wTA00Dov2lFYXKnZ58eXAQ","image_url":"https:\/\/s3-media2.fl.yelpcdn.com\/bphoto\/YsBfwR-s2ZdfmCwqwAx_iQ\/o.jpg","is_closed":false,"location_address1":"116 Suffolk St","location_address2":"","location_address3":"","location_city":"New York","location_country":"US","location_display_address":["116 Suffolk St","New York, NY 10002"],"location_state":"NY","location_zip_code":"10002","name":"Spreadhouse Cafe","phone":"+16465246353","price":"$","rating":4.0,"review_count":375,"transactions":[],"url":"https:\/\/www.yelp.com\/biz\/spreadhouse-cafe-new-york-3?adjust_creative=w1T_agSsZFkZALqEYIiCXQ&utm_campaign=yelp_api_v3&utm_medium=api_v3_business_search&utm_source=w1T_agSsZFkZALqEYIiCXQ"}]